Customer ID,TotalSpent,TotalOrders
12346,77556.46,34
12347,4921.53,222
12348,2019.4,51
12349,4428.69,175
12350,334.4,17
12351,300.93,21
12352,2849.84,103
12353,406.76,24
12354,1079.4,58
12355,947.61,35
12356,6371.73,142
12357,18287.66,296
12358,3887.07,77
12359,8873.39,362
12360,4252.89,217
12361,511.25,29
12362,5356.23,267
12363,552.0,23
12364,1313.1,85
12365,641.38,22
12366,500.24,3
12367,168.9,11
12368,917.6999999999999,18
12369,1791.15,93
12370,4316.56,201
12371,4067.38,167
12372,1298.04,52
12373,1127.65,51
12374,2989.2200000000003,83
12375,457.5,17
12376,503.15,13
12377,3426.32,152
12378,5416.32,301
12379,1620.22,81
12380,9676.300000000001,277
12381,1845.31,87
12383,1850.56,99
12384,585.27,27
12385,1938.4,65
12386,401.9,10
12387,143.94,9
12388,3901.11,146
12389,1433.33,49
12390,549.84,32
12391,2724.84,267
12392,234.75000000000003,7
12393,2399.4500000000003,107
12394,1272.48,27
12395,4721.17,242
12396,931.43,65
12397,2409.9,126
12398,1635.6599999999999,85
12399,1962.3,110
12400,205.25,11
12401,84.3,5
12402,1256.9,70
12403,1019.36,9
12404,63.24,1
12405,1710.39,54
12406,6390.36,166
12407,1708.1200000000001,77
12408,4340.7699999999995,159
12409,23419.29,264
12410,1013.71,40
12411,346.9,22
12412,2596.93,127
12413,999.45,51
12414,952.41,28
12415,144458.37,926
12416,202.56,11
12417,6797.41,369
12418,2021.2,102
12419,503.01,25
12420,600.39,29
12421,1098.6,65
12422,5231.8,172
12423,2622.39,165
12424,3340.03,92
12425,1741.41,91
12426,1345.21,77
12427,825.8,31
12428,7956.46,294
12429,6204.41,153
12430,256.4,11
12431,10432.22,390
12432,5059.32,108
12433,16794.14,559
12434,1103.43,70
12435,13925.93,112
12436,509.01,16
12437,12683.4,563
12438,2906.85,98
12439,1142.88,71
12440,859.2,32
12441,173.55,11
12442,172.06,12
12443,485.31,21
12444,5005.46,176
12445,434.98,24
12446,1002.3100000000001,57
12447,476.49,26
12448,449.45,22
12449,4835.89,201
12450,688.2,37
12451,12669.88,511
12452,430.57,22
12453,707.09,43
12454,16679.78,40
12455,5879.95,227
12456,3181.04,125
12457,2995.91,84
12458,1777.49,84
12459,454.36,23
12460,326.65,18
12461,826.88,35
12462,1189.59,62
12463,1344.78,83
12464,1212.05,29
12465,742.1899999999999,47
12466,56.73,1
12467,132.8,9
12468,3670.74,150
12469,3070.54,76
12470,211.95,23
12471,39918.19,1135
12472,16249.289999999999,841
12473,3928.0499999999997,167
12474,12372.75,708
12475,1149.64,61
12476,14083.91,514
12477,20276.37,564
12478,680.99,36
12479,527.2,31
12480,5464.85,242
12481,12185.51,380
12482,23691.4,204
12483,5097.18,138
12484,6354.1,471
12485,708.1,34
12486,1037.28,49
12487,285.29999999999995,2
12488,1298.66,55
12489,334.93,15
12490,9823.64,462
12491,460.40000000000003,26
12492,715.21,42
12493,433.74,22
12494,1815.27,108
12495,357.4,17
12496,45.34,10
12497,6248.5,57
12498,403.70000000000005,23
12499,393.72,27
12500,5955.21,146
12501,2169.39,149
12502,3723.87,147
12503,1126.0,2
12504,779.05,20
12505,955.2,42
12506,73.5,23
12507,1844.06,49
12508,397.88,68
12509,176.5,7
12510,5178.02,145
12511,3084.02,190
12512,132.18,31
12513,612.29,35
12514,1597.76,84
12515,383.7,16
12516,2648.62,74
12517,2481.6,279
12518,2056.89,124
12519,716.54,39
12520,2634.26,152
12521,599.68,38
12522,192.72,12
12523,4352.35,249
12524,11126.11,240
12525,973.73,60
12526,1316.66,71
12527,735.51,32
12528,1933.48,92
12529,316.48,21
12530,3759.26,158
12531,1933.2,127
12532,349.83000000000004,16
12533,1367.89,72
12534,1089.18,63
12535,716.35,34
12536,12601.830000000002,261
12537,732.94,43
12538,640.45,34
12539,11214.75,504
12540,22254.49,771
12541,981.18,52
12542,481.88,39
12543,980.25,43
12544,372.7,19
12545,1000.39,50
12546,1161.5,69
12547,383.58,21
12548,95.19999999999999,5
12549,1575.68,49
12550,964.83,57
12551,168.0,10
12552,437.82,20
12553,4608.75,238
12554,468.5,26
12555,129.23,1
12556,599.56,119
12557,18096.14,53
12558,269.96,11
12559,561.71,21
12560,2134.01,105
12561,238.85,16
12562,4966.92,207
12563,249.24,13
12564,456.9,21
12565,145.92,9
12566,351.65,19
12567,11767.48,556
12568,70.0,5
12569,4124.69,188
12570,77.52,1
12571,519.61,34
12572,1020.42,60
12573,717.41,119
12574,218.45,11
12575,622.8199999999999,38
12576,2142.72,142
12577,1617.1,298
12578,4642.45,172
12579,440.42,29
12580,1052.9,58
12581,197.71,15
12582,1980.4,103
12583,13591.58,446
12584,2338.15,96
12585,2040.1,87
12586,2062.67,94
12587,144.0,4
12588,958.78,46
12589,4695.66,180
12590,9864.26,68
12591,1338.95,68
12592,2582.66,81
12593,418.09999999999997,21
12594,5090.110000000001,199
12595,299.02,19
12596,618.27,27
12597,3811.22,206
12598,4534.09,206
12599,2296.72,133
12600,4967.42,130
12601,681.26,34
12602,153.12,12
12603,739.1999999999999,2
12604,254.18,16
12605,1232.95,76
12606,21.0,1
12607,1579.51,101
12608,415.79,16
12609,3435.86,175
12610,2099.54,106
12611,1193.32,65
12612,704.0400000000001,19
12613,6817.37,326
12614,315.6,20
12615,5740.98,270
12616,1131.1,54
12617,352.98,41
12618,177.31,11
12619,3781.38,100
12620,1339.41,92
12621,24311.2,756
12622,180.1,11
12623,3747.84,173
12624,641.13,38
12625,5164.88,183
12626,6620.48,294
12627,4478.53,230
12628,786.46,41
12629,1558.22,45
12630,1270.88,64
12631,3481.57,183
12632,804.88,35
12633,5678.16,306
12634,490.0,20
12635,2930.41,179
12636,141.0,1
12637,8283.81,614
12638,921.49,48
12639,1312.37,64
12640,1174.58,53
12641,185.9,10
12642,1013.26,47
12643,8304.82,51
12644,1918.49,111
12645,3539.3,160
12646,1346.97,45
12647,16955.55,515
12648,1112.0,65
12649,2294.65,118
12650,314.44,20
12651,377.75,30
12652,1017.03,51
12653,4160.83,86
12654,601.98,38
12655,261.35,16
12656,6407.83,247
12657,1643.18,47
12658,686.05,36
12659,91.68,5
12660,245.1,13
12661,162.0,11
12662,6726.54,391
12663,239.4,10
12664,6070.04,45
12665,313.6,17
12666,1248.42,31
12667,620.13,33
12668,11383.03,536
12669,2744.0299999999997,101
12670,3760.29,115
12671,2622.481,45
12672,437.05,22
12673,1230.02,74
12674,1970.6,83
12675,957.25,112
12676,2843.09,107
12677,395.1,21
12678,34281.18,376
12679,1113.02,48
12680,880.81,53
12681,29834.76,1424
12682,22950.22,989
12683,11633.7,487
12684,2283.63,105
12685,2863.08,157
12686,89.14,7
12687,2138.91,126
12688,4873.8099999999995,171
12689,1247.61,72
12690,389.01,16
12691,1170.4,39
12692,110.95,13
12693,1703.02,79
12694,1843.35,83
12695,1407.1200000000001,59
12696,851.91,49
12697,957.59,41
12698,339.75,16
12699,638.11,41
12700,4939.99,268
12701,2446.41,147
12702,219.0,12
12703,1006.53,74
12704,2340.84,88
12705,11762.1,599
12707,603.42,33
12708,5117.66,296
12709,30291.76,490
12710,1149.02,77
12711,1339.05,60
12712,6723.03,256
12713,848.55,38
12714,14093.71,696
12715,343.36,20
12716,1053.49,69
12717,1308.91,71
12718,238.25,19
12719,644.95,39
12720,7787.28,479
12721,4013.08,239
12722,997.63,53
12723,725.07,69
12724,2317.52,129
12725,2266.76,106
12726,4014.6,179
12727,5679.53,203
12728,1070.17,61
12729,453.01,26
12730,829.25,47
12731,25775.71,393
12732,236.26000000000002,12
12733,2424.87,157
12734,639.65,19
12735,779.5699999999999,43
12736,234.0,4
12737,3710.5,2
12738,155.35,11
12739,2726.73,89
12740,427.6,27
12741,406.07,16
12742,1201.52,67
12743,540.13,131
12744,25317.06,339
12745,925.41,23
12746,254.55,17
12747,8898.48,249
12748,53539.64,6585
12749,6897.36,338
12750,275.88,15
12751,268.27,62
12752,4366.78,53
12753,21429.39,197
12754,3010.74,63
12755,5236.259999999999,63
12756,112.07999999999998,4
12757,7834.650000000001,364
12758,9903.24,313
12759,5020.74,302
12760,347.8,21
12761,782.95,27
12762,1898.52,69
12763,494.08,18
12764,1693.88,45
12765,1404.58,68
12766,8918.99,402
12767,949.82,43
12768,168.69000000000003,10
12769,1143.6,32
12770,3246.45,28
12771,282.3,15
12772,892.47,55
12773,124.25,6
12774,98.7,6
12775,1686.12,81
12776,55.5,4
12777,519.45,26
12778,1775.68,114
12779,6474.11,269
12780,337.4,20
12781,826.74,25
12782,4618.24,227
12783,2225.91,84
12784,1763.15,129
12785,1100.4,56
12786,728.5,18
12787,862.18,44
12788,444.9,26
12789,273.35,8
12790,591.85,37
12791,863.51,28
12792,827.01,47
12793,885.53,44
12794,860.41,45
12795,430.48,14
12796,381.0,7
12797,552.08,30
12798,8510.93,33
12799,219.35,15
12800,584.25,34
12801,1071.82,50
12802,2416.42,138
12803,1092.81,55
12804,325.37,66
12805,1434.95,58
12806,2878.96,67
12807,330.35,16
12808,776.7,47
12809,1755.94,81
12810,534.99,32
12811,1033.9,56
12812,229.64000000000001,15
12813,1687.8,45
12814,125.92,2
12815,1063.46,47
12816,572.2,29
12817,690.98,25
12818,1542.08,14
12819,540.52,19
12820,2689.52,159
12821,220.8,13
12822,948.88,46
12823,6501.5,18
12824,397.12,25
12825,518.63,24
12826,2800.75,157
12827,430.15000000000003,25
12828,1018.71,56
12829,385.3,19
12830,6814.64,38
12831,451.11,22
12832,383.03,27
12833,417.38,24
12834,312.38,18
12835,5996.83,615
12836,6559.7300000000005,411
12837,662.66,88
12838,2975.91,356
12839,9669.12,554
12840,4041.97,176
12841,6958.2,644
12842,1917.99,48
12843,6583.36,219
12844,648.6,103
12845,354.09,27
12846,15.58,1
12847,1609.0,119
12848,208.0,16
12849,3042.47,144
12850,330.0,2
12851,280.76,77
12852,311.55,17
12853,3907.5,148
12854,2970.9700000000003,261
12855,612.84,67
12856,2170.78,311
12857,3688.0,121
12858,147.27,37
12859,575.1,21
12860,54.22,16
12861,68.25,4
12862,984.62,131
12863,2792.5499999999997,48
12864,299.57,7
12865,3323.47,195
12866,1227.35,63
12867,7829.26,1050
12868,2043.76,134
12869,337.66999999999996,37
12870,1676.95,93
12871,744.02,18
12872,3283.96,394
12873,2027.3,35
12874,948.42,48
12875,1356.99,8
12876,4081.79,170
12877,2942.14,274
12878,854.99,47
12879,573.22,10
12880,640.13,36
12881,298.0,7
12882,1463.04,13
12883,703.47,42
12884,309.05,7
12885,1175.22,71
12886,1378.4,82
12887,222.4,13
12888,354.12,5
12889,385.46000000000004,25
12890,706.02,135
12891,840.5,11
12892,263.38,18
12893,176.55,31
12894,157.35,21
12895,372.8,22
12897,514.25,14
12898,296.21000000000004,27
12899,366.4,17
12900,340.33,13
12901,17654.54,116
12902,138.68,10
12903,833.53,41
12904,496.06,71
12905,1018.42,54
12906,2919.81,63
12907,508.91,25
12908,1776.0,5
12909,3103.19,158
12910,5796.52,137
12911,1651.72,236
12912,1662.3,24
12913,6283.24,92
12914,223.98,9
12915,975.1,60
12916,4479.73,172
12917,4359.2,50
12918,10953.5,1
12919,1335.19,50
12920,486.64,59
12921,35233.24,1499
12922,405.38,28
12923,770.42,60
12924,2469.4,74
12925,729.3299999999999,50
12926,1523.97,262
12927,197.31,11
12928,4304.89,179
12929,117.85,8
12930,415.8,25
12931,92347.34,218
12932,1698.56,95
12933,1636.6299999999999,289
12934,181.65,2
12935,4243.86,254
12936,1063.9,62
12937,3097.61,217
12938,114.14,9
12939,25264.8,86
12940,899.69,96
12941,377.49,27
12942,675.6,70
12943,496.5,25
12944,604.51,30
12945,900.11,51
12946,324.45,20
12947,1603.99,97
12948,2317.43,125
12949,15526.7,715
12950,1843.0,23
12951,3213.7200000000003,194
12952,1387.79,79
12953,828.8100000000001,48
12954,162.45,10
12955,4757.16,180
12956,521.89,42
12957,8706.97,490
12958,467.34,49
12959,150.95,8
12960,1322.07,70
12961,211.99,40
12962,266.39,16
12963,3235.79,174
12964,132.24,26
12965,769.8100000000001,108
12966,160.18,10
12967,2938.52,65
12968,135.95,5
12969,122.45,5
12970,1453.6,345
12971,15704.6,407
12972,1161.2,77
12973,385.55,6
12974,408.95,32
12975,2100.09,112
12976,3156.38,154
12977,513.88,58
12978,2502.82,163
12979,517.7,56
12980,16245.78,52
12981,372.21999999999997,20
12982,2744.81,178
12983,490.08000000000004,30
12984,97.5,4
12985,1239.38,76
12986,2729.84,102
12987,1312.21,66
12988,505.82,83
12989,13551.75,97
12990,955.5,27
12991,764.82,45
12992,93.35000000000001,6
12993,1259.6299999999999,76
12994,974.4200000000001,61
12995,211.32,3
12996,355.5,22
12997,2110.91,107
12998,920.08,58
12999,455.88,28
13000,1032.5,62
13001,24042.65,1015
13002,414.13,23
13003,149.05,6
13004,11650.85,815
13005,999.68,56
13006,81.57,4
13007,175.25,11
13008,612.13,35
13009,234.0,4
13010,330.12,12
13011,50.550000000000004,3
13012,2957.83,153
13013,11097.43,487
13014,5381.08,224
13015,6579.78,348
13016,789.89,47
13017,204.0,1
13018,9763.16,603
13019,1229.95,55
13020,618.96,39
13021,4887.24,257
13022,65.3,5
13023,1449.03,76
13024,555.87,31
13025,323.39,13
13026,1733.08,82
13027,17239.2,85
13028,661.3199999999999,45
13029,1927.3,17
13030,752.4399999999999,92
13031,3292.84,407
13032,2815.96,207
13033,220.55,13
13034,756.82,44
13035,1364.2,42
13036,307.1,6
13037,3914.9500000000003,232
13038,908.46,28
13039,1010.73,55
13040,676.99,43
13041,799.13,35
13042,1488.59,184
13043,516.42,13
13044,4848.05,416
13045,808.92,45
13046,949.25,56
13047,8428.53,378
13048,4049.13,265
13049,1408.24,26
13050,11986.52,984
13051,155.8,4
13052,3119.33,248
13053,127.65,17
13055,2321.11,154
13056,209.48,19
13057,709.59,40
13058,271.40000000000003,8
13059,2291.77,198
13060,307.53,15
13061,248.61,10
13062,346.98,11
13063,188.4,12
13064,1666.8400000000001,93
13065,1055.05,62
13066,470.8,48
13067,508.51,32
13068,344.0,2
13069,9284.45,1038
13070,751.7,33
13071,129.22,12
13072,177.15,7
13073,418.08,27
13074,1378.74,29
13075,919.61,22
13076,135.4,9
13077,2740.65,330
13078,29018.06,791
13079,419.18,17
13080,280.73,19
13081,56838.37,2280
13082,7335.75,129
13083,395.43,22
13084,122.39999999999999,2
13085,2433.28,84
13086,439.33000000000004,47
13087,313.64,15
13088,236.11,20
13089,113416.91,3315
13090,13091.74,274
13091,2321.82,45
13092,2140.28,105
13093,54144.25,1037
13094,2209.44,29
13095,74.39999999999999,6
13096,419.70000000000005,1
13097,13324.1,1004
13098,28882.44,572
13099,207.35999999999999,1
13101,695.4,51
13102,11380.1,481
13103,709.64,33
13104,1709.1,30
13105,72.0,1
13106,603.46,16
13107,5253.07,178
13108,748.46,35
13109,1134.03,70
13110,2957.4700000000003,252
13111,321.88000000000005,12
13112,20.6,2
13113,18230.07,377
13114,234.38,16
13115,5494.7,314
13116,501.14,30
13117,2255.66,162
13118,2415.41,148
13119,134.9,11
13120,30.599999999999998,1
13121,283.73,50
13122,922.39,55
13123,506.75,45
13124,4641.66,283
13125,148.62,20
13126,3774.81,238
13127,259.17,15
13128,263.5,1
13129,233.25,11
13130,64.0,2
13131,3313.77,149
13132,77.3,3
13133,200.45000000000002,12
13134,2475.23,121
13135,3371.45,18
13136,6274.56,315
13137,7586.94,1394
13138,1274.01,85
13139,8202.98,265
13140,1054.92,105
13141,7656.08,424
13142,307.09,23
13143,405.1,23
13144,135.35,6
13145,1128.52,9
13146,228.91,17
13147,712.8000000000001,4
13148,8497.82,763
13149,1676.06,86
13150,449.96999999999997,8
13151,2465.21,158
13152,2146.38,135
13153,486.22,15
13154,1624.84,93
13155,1370.48,112
13156,1586.54,104
13157,5687.36,251
13158,1508.18,100
13159,1429.35,120
13160,91.8,4
13161,472.13,33
13162,9275.49,238
13163,17.65,2
13164,372.2,10
13165,1451.16,49
13166,875.93,68
13167,1125.15,81
13168,1840.73,173
13169,840.08,18
13170,108.81,30
13171,468.41,46
13172,69.6,1
13173,2399.82,216
13174,7995.36,938
13175,831.45,46
13176,481.49,67
13177,512.2,30
13178,14059.19,687
13179,572.3100000000001,34
13180,86.10000000000001,4
13181,359.69,19
13182,121.18,11
13183,7036.18,156
13184,1668.95,179
13185,71.4,1
13186,1575.89,79
13187,341.36,56
13188,114.60000000000001,2
13189,260.68,29
13190,570.66,17
13191,164.69,59
13192,2558.58,162
13193,112.08,25
13194,472.78,10
13195,136.73,46
13196,3068.84,188
13197,373.01000000000005,19
13198,4974.2300000000005,314
13199,15964.210000000001,203
13200,870.09,46
13201,1233.06,86
13202,1580.3,69
13203,2648.25,169
13204,966.6600000000001,57
13205,2803.2,1
13206,8308.19,566
13207,535.86,13
13208,1976.3,252
13209,8509.51,366
13210,353.48,22
13211,2618.77,201
13212,786.83,141
13213,3851.52,204
13214,3264.23,229
13215,81.6,1
13216,333.74,5
13217,666.48,5
13218,62.63999999999999,5
13219,76.23,11
13220,1336.0900000000001,53
13221,847.41,66
13222,88.5,1
13223,969.1200000000001,13
13224,2155.95,108
13225,16260.07,125
13226,312.46,28
13227,257.7,9
13228,358.0,2
13229,160.95,10
13230,6120.01,1251
13232,1328.35,202
13233,1176.46,76
13234,346.5,61
13235,1031.07,58
13236,744.85,36
13237,643.0,24
13238,1006.63,47
13239,1594.69,93
13240,1475.79,201
13241,112.53,40
13242,699.4,35
13243,1220.38,205
13244,121.74000000000001,27
13245,989.22,45
13246,3351.75,371
13247,501.12,25
13248,465.68,26
13249,1608.93,35
13250,253.09,19
13251,252.68,25
13252,399.3,19
13253,2951.11,75
13254,51.410000000000004,4
13255,678.76,26
13257,149.75,7
13258,1009.43,44
13259,1402.54,313
13260,557.62,8
13261,944.1,9
13262,573.45,50
13263,8676.2,1905
13264,722.5600000000001,38
13265,2092.66,90
13266,6135.04,307
13267,9429.81,411
13268,3174.75,433
13269,8537.32,486
13270,590.0,1
13271,211.49,87
13272,276.56,15
13273,138.98,16
13274,360.85,19
13275,238.86,48
13276,1891.91,239
13277,523.3,23
13278,1435.85,108
13279,137.75,9
13280,2293.33,205
13281,350.85,22
13282,1313.19,51
13283,373.36,20
13284,201.19,13
13285,3364.59,231
13286,734.91,49
13287,781.59,53
13288,927.61,10
13289,307.95,16
13290,208.63,1
13291,3270.79,318
13292,994.51,59
13293,1192.94,72
13294,1689.53,102
13295,1101.97,67
13296,792.51,53
13297,4368.62,123
13298,360.0,2
13299,1218.7,62
13300,1285.51,55
13301,618.09,81
13302,159.2,3
13303,61.72,4
13304,1217.99,78
13305,3616.41,200
13306,53.65,4
13307,273.34,15
13308,1670.3700000000001,71
13309,1706.3700000000001,130
13310,1541.2,95
13311,598.57,26
13312,124.75,5
13313,3445.32,187
13314,775.94,62
13315,310.26,22
13316,12940.82,173
13317,6486.091,344
13318,640.76,20
13319,21323.22,923
13320,2211.6,149
13321,567.36,11
13322,199.48000000000002,25
13323,787.85,21
13324,10513.47,132
13325,675.3,12
13326,281.76,13
13327,9134.48,321
13328,1308.48,17
13329,4808.77,118
13330,2796.1,117
13331,262.4,12
13332,350.9,21
13333,1015.74,55
13334,6201.8,474
13336,795.12,51
13337,1575.26,87
13338,2445.62,128
13339,860.12,54
13340,22100.56,215
13341,775.85,42
13343,353.43,19
13344,2511.69,116
13345,389.5,20
13346,299.4,6
13347,341.36,8
13348,233.76,14
13349,247.32,16
13350,979.12,40
13351,373.94,16
13352,397.97999999999996,24
13354,743.53,51
13355,674.7,32
13356,768.24,42
13357,3805.5099999999998,394
13358,439.03,29
13359,1043.31,56
13360,1553.65,66
13361,1450.5,34
13362,5394.07,298
13363,1723.86,102
13364,134.95999999999998,10
13365,2225.37,128
13366,56.160000000000004,1
13367,510.20000000000005,20
13368,1121.5,52
13369,308.28000000000003,14
13370,754.87,39
13371,2297.66,92
13372,378.64,23
13373,7587.1900000000005,358
13374,422.8,17
13375,1792.23,71
13376,1019.76,53
13377,1552.88,78
13379,572.56,97
13380,62.4,3
13381,8224.37,356
13382,1387.58,86
13383,305.28000000000003,1
13384,6680.83,264
13385,534.57,35
13386,835.46,31
13387,186.94,71
13388,1185.65,69
13389,797.96,51
13390,544.08,13
13391,59.8,1
13392,91.14,8
13393,1131.45,69
13394,6621.7,409
13395,1180.23,81
13396,1360.99,43
13397,3191.87,89
13398,670.34,39
13399,275.4,15
13400,310.83,23
13402,1226.8500000000001,79
13403,229.5,9
13404,252.49,11
13405,1213.811,43
13406,568.92,9
13407,2244.7,85
13408,50174.782,826
13410,2201.96,50
13411,213.55,18
13412,487.34999999999997,34
13413,429.44,43
13414,2494.14,55
13415,784.17,101
13416,940.8000000000001,26
13417,1669.49,77
13418,11559.66,537
13419,221.06,16
13420,159.85,8
13421,4058.75,265
13422,2626.3,127
13423,217.03,12
13424,572.77,40
13425,3390.4300000000003,177
13426,8167.38,343
13427,1006.53,52
13428,478.54,138
13429,1006.8,67
13430,679.45,49
13431,3316.24,129
13432,439.1,111
13433,658.3199999999999,24
13434,1666.8600000000001,35
13435,4447.33,149
13436,196.89,12
13437,3408.06,167
13438,46.5,1
13439,986.61,167
13440,1295.25,59
13441,720.9,38
13442,419.87,38
13443,1273.16,200
13444,619.08,57
13445,241.89999999999998,7
13446,3881.89,192
13447,1129.14,59
13448,8745.93,533
13449,291.88,19
13450,4120.04,147
13451,7090.06,1022
13452,729.8,3
13453,781.6899999999999,40
13454,219.87,23
13455,2212.9900000000002,114
13456,1766.72,63
13457,148.22,9
13458,11959.27,485
13459,1160.4099999999999,73
13460,183.44,17
13461,4160.0,62
13462,1153.85,71
13464,3097.64,151
13465,931.12,34
13466,1013.35,55
13467,1071.91,98
13468,12793.28,693
13469,82.4,6
13470,165.0,10
13471,2501.84,254
13472,592.24,28
13473,2657.7599999999998,70
13474,646.59,126
13475,1431.78,86
13476,2061.4700000000003,106
13477,2819.17,157
13478,2215.78,125
13479,851.37,53
13480,627.82,41
13481,3830.84,224
13482,336.09,20
13483,140.34,10
13484,790.72,39
13485,3019.2200000000003,158
13486,1122.41,69
13487,846.87,49
13488,14205.96,679
13489,449.52,14
13490,154.25,8
13491,4467.66,261
13492,1269.84,50
13493,618.63,8
13494,316.26000000000005,18
13495,4863.31,133
13496,653.33,35
13497,1166.83,58
13498,327.38,17
13499,1159.11,42
13500,1466.3,85
13501,2885.11,114
13502,780.5,33
13503,1859.24,189
13504,295.93,22
13505,4393.63,215
13506,1338.08,81
13507,2479.16,162
13508,287.05,28
13509,1114.72,49
13510,4558.29,289
13511,282.76,5
13512,713.39,39
13513,824.59,40
13514,815.9000000000001,21
13515,1265.82,76
13516,1685.26,61
13517,2128.42,141
13518,627.16,36
13519,343.21,19
13520,6606.0,199
13521,1071.73,418
13522,125.80000000000001,5
13523,4534.57,201
13524,680.1800000000001,27
13525,628.78,6
13526,1182.0,44
13527,4541.29,443
13529,307.76,15
13530,402.97999999999996,18
13531,1433.07,75
13532,210.31,66
13533,269.09,75
13534,7720.9,392
13535,89.5,1
13536,3444.39,178
13537,717.85,42
13538,3103.13,142
13539,1569.3600000000001,86
13540,632.39,32
13541,785.25,10
13542,3959.4900000000002,331
13543,1439.6100000000001,47
13544,790.2,238
13545,364.93,54
13546,1086.24,152
13547,167.08,44
13548,901.44,184
13549,1005.8,59
13550,342.55,42
13551,244.2,5
13552,6948.92,207
13553,499.6,89
13554,1629.35,196
13555,8891.84,397
13556,200.82,9
13557,3032.26,180
13558,594.52,169
13559,990.0,2
13560,171.42000000000002,32
13561,1803.4,229
13562,4838.18,196
13563,777.53,49
13564,16498.97,1200
13565,414.8,60
13566,1688.6,366
13567,1079.29,201
13568,187.05,43
13569,726.54,179
13570,239.49,27
13571,4537.26,673
13572,1384.25,33
13573,904.52,87
13574,404.45,91
13575,732.0699999999999,46
13576,11202.59,268
13577,3489.28,168
13578,147.66,9
13579,1374.34,81
13580,107.75,5
13581,280.53000000000003,33
13582,241.68,11
13583,1445.031,96
13584,385.7,80
13585,684.54,39
13586,127.28,20
13587,1673.5,30
13588,2478.95,174
13589,1120.74,52
13590,6336.04,406
13591,2093.94,101
13592,247.95999999999998,16
13593,5493.29,408
13594,533.32,33
13595,784.48,143
13596,664.11,146
13597,396.71,17
13598,761.96,92
13599,9811.04,392
13600,518.42,41
13601,1159.99,185
13602,1025.17,58
13603,164.34,27
13604,717.62,21
13605,522.67,53
13606,276.75,40
13607,1075.81,121
13608,232.05,34
13609,167.35,7
13610,2103.71,399
13611,3297.9300000000003,226
13612,818.29,50
13613,1039.8500000000001,59
13614,2332.74,264
13615,6272.53,367
13616,283.85,35
13617,1278.75,107
13618,177.34,13
13619,224.94,45
13620,112.34,5
13621,213.85,19
13622,658.95,32
13623,2533.06,284
13624,462.08,22
13625,301.26,21
13626,707.04,44
13627,2245.9,129
13628,310.14,16
13629,13370.86,87
13630,2031.78,71
13631,3070.42,11
13632,3645.81,220
13634,5033.77,446
13635,2999.16,162
13636,949.12,63
13637,804.3,99
13638,122.64,8
13639,1346.27,59
13640,405.0,4
13641,1016.47,44
13642,472.2,105
13643,2156.77,102
13644,2624.26,146
13645,252.1,5
13646,326.25,58
13647,3041.68,139
13648,1764.02,106
13649,1453.68,108
13650,3288.0,172
13651,226.85,14
13652,2262.05,141
13653,152.2,9
13654,6308.0,329
13655,2280.51,119
13656,1078.85,87
13657,382.14,16
13658,6025.5,237
13659,4884.68,274
13660,306.64,40
13661,325.24,17
13662,2233.61,136
13663,2047.51,99
13665,1711.6599999999999,106
13666,127.89999999999999,19
13667,299.05,83
13668,12948.48,756
13669,413.55,14
13670,349.7,25
13671,172.6,64
13672,419.92,18
13673,387.44,60
13674,240.68,14
13675,486.82000000000005,25
13676,243.9,13
13677,551.24,106
13678,232.6,16
13679,281.26,50
13680,11419.67,646
13681,827.83,57
13682,59.5,3
13683,258.6,10
13684,594.88,108
13685,3119.44,39
13686,409.04,34
13687,11880.84,45
13688,375.5,5
13689,1259.5,9
13690,172.25,9
13691,212.78,54
13692,3114.4,96
13693,2011.82,106
13694,195640.69,1519
13695,2770.73,96
13696,2020.4,24
13697,151.29999999999998,12
13698,451.73,38
13699,764.15,37
13700,2596.9700000000003,240
13701,161.0,9
13702,135.18,5
13703,425.56,37
13704,2308.06,134
13705,1717.19,74
13706,631.17,38
13707,3365.86,155
13708,285.33,49
13709,7571.35,407
13710,509.52,15
13711,1792.26,92
13712,766.42,33
13713,740.76,80
13714,161.35,30
13715,8153.04,512
13716,138.28,21
13717,1763.3,124
13718,306.55,12
13719,2783.08,248
13720,799.9,43
13721,741.54,42
13722,5635.41,189
13723,1194.08,58
13724,213.01,42
13725,1980.56,104
13726,1079.6599999999999,42
13727,1074.15,83
13728,2855.17,164
13729,724.73,39
13730,752.6,43
13731,610.59,38
13732,491.86,33
13733,487.03000000000003,29
13734,6695.6900000000005,27
13735,9762.77,647
13736,2752.47,554
13737,339.59999999999997,30
13738,434.78000000000003,89
13739,292.2,6
13740,1582.77,94
13741,668.4300000000001,34
13742,3107.87,313
13743,1341.6,41
13744,1080.52,63
13745,777.36,56
13746,176.69,9
13747,169.79999999999998,5
13748,2064.35,58
13750,3602.1800000000003,75
13751,296.25,9
13752,1579.8300000000002,94
13753,2094.57,80
13754,447.05,21
13755,2108.06,321
13756,8655.95,343
13757,195.55,8
13758,8698.13,285
13759,659.4100000000001,25
13760,1363.6399999999999,119
13761,1952.17,122
13762,2472.48,35
13763,5217.4400000000005,50
13764,2919.62,370
13765,352.821,17
13766,190.35,17
13767,33903.57,764
13768,875.97,33
13769,5478.12,275
13770,785.37,48
13771,5728.82,216
13772,3100.02,567
13773,301.54,19
13774,345.0,22
13775,1049.66,63
13776,623.98,2
13777,49638.26,356
13778,1124.49,44
13779,161.13,27
13780,732.07,98
13781,778.83,57
13782,1786.08,238
13783,1542.09,10
13784,2910.23,43
13785,542.49,30
13786,3127.99,116
13787,1222.5,86
13788,3.75,1
13789,239.45999999999998,18
13790,348.8,45
13791,1516.0,11
13792,383.95,23
13793,96.0,7
13794,126.03,9
13795,836.3,29
13796,289.7,22
13797,1179.45,78
13798,75428.87,721
13799,2803.57,106
13800,1679.56,73
13801,324.8,23
13802,26259.11,448
13803,1338.91,78
13804,3161.12,167
13805,924.6,13
13806,256.38,10
13807,422.2,25
13808,1747.66,76
13809,679.7,25
13810,1499.01,35
13811,814.5,13
13812,539.0,36
13813,2765.47,143
13814,2257.32,79
13815,7475.74,356
13816,571.6700000000001,28
13817,382.98,24
13818,61.28,5
13819,2642.35,101
13820,652.75,89
13821,1379.08,204
13822,632.0,96
13823,3403.4500000000003,163
13824,3314.76,100
13825,255.59,40
13826,189.5,10
13827,409.8,92
13828,209.49,15
13829,102.0,1
13830,156.85000000000002,11
13831,6585.54,182
13832,609.89,55
13833,700.41,44
13834,324.19,16
13835,1095.27,71
13836,620.37,31
13837,266.59000000000003,18
13838,1690.07,403
13839,139.95000000000002,7
13840,651.4,40
13841,85.0,1
13842,5319.34,335
13843,319.75,18
13844,361.62,20
13845,312.98,9
13846,1307.79,81
13847,310.72,19
13848,3015.0,10
13849,3469.3,220
13850,1595.48,93
13851,4606.46,140
13852,187.35000000000002,11
13853,1090.14,23
13854,11944.56,178
13855,1310.3400000000001,73
13856,1142.03,54
13857,1001.01,128
13858,216.17,11
13859,515.86,36
13860,1245.9,76
13861,273.26,21
13862,2556.09,160
13863,1239.55,70
13864,662.4000000000001,1
13865,501.56,30
13866,145.67000000000002,7
13867,1005.09,60
13868,3192.54,33
13869,7996.87,838
13870,5712.08,241
13871,7885.85,402
13872,919.57,57
13873,1038.92,60
13874,2049.15,69
13875,4814.37,270
13876,122.7,7
13877,449.68,23
13878,2416.9,102
13879,395.5,25
13880,4293.86,223
13881,45179.1,457
13882,1191.13,65
13883,6560.02,316
13884,1825.03,182
13885,506.8,28
13886,243.56,16
13887,349.55,19
13888,2001.59,171
13889,1991.23,83
13890,2927.38,173
13891,859.21,99
13892,1267.6499999999999,36
13893,821.1,21
13894,564.62,27
13895,4008.52,186
13896,388.55,21
13897,1160.72,59
13898,686.4,46
13899,388.52,19
13900,1610.59,95
13901,5676.34,310
13902,34095.26,63
13903,165.45000000000002,10
13904,332.64,26
13905,312.65,12
13906,42.0,1
13907,136.8,4
13908,2369.55,122
13909,282.85,38
13911,4234.99,238
13912,124.95,7
13913,42.22,3
13914,626.45,33
13915,70.80000000000001,2
13916,1275.81,74
13917,272.04,18
13918,1212.8400000000001,30
13919,1360.68,77
13920,1774.68,86
13921,730.7,44
13922,865.2,30
13923,351.13,20
13924,1838.8500000000001,117
13925,678.25,41
13926,223.85000000000002,11
13927,708.26,41
13928,464.57,27
13929,3494.1,57
13930,337.34,17
13931,5257.38,271
13932,307.4,16
13933,608.7900000000001,23
13934,922.1,31
13935,6116.92,80
13936,939.66,59
13937,880.13,54
13938,71.66,7
13939,1560.96,110
13940,839.14,49
13941,10027.18,94
13942,320.0,1
13943,246.54,15
13944,200.43,35
13945,854.15,51
13946,1876.23,56
13947,90.6,5
13948,548.76,24
13949,2427.32,160
13950,745.06,35
13951,674.45,39
13952,12823.521,409
13953,6640.68,25
13954,439.92,25
13955,544.0699999999999,85
13956,1019.27,147
13957,458.25,27
13958,4709.2300000000005,227
13959,1064.77,157
13960,230.22,12
13961,538.4,19
13962,362.8,23
13963,2860.57,165
13964,438.9,24
13965,996.61,24
13966,384.26,21
13967,166.3,6
13968,123.66,8
13969,12973.460000000001,1064
13970,846.55,13
13971,4667.57,255
13972,190.25,15
13973,264.7,11
13974,677.72,43
13975,5256.4,737
13976,1192.36,56
13977,519.8100000000001,13
13978,196.79000000000002,15
13979,3379.93,393
13980,768.82,63
13981,331.14,22
13982,3954.29,225
13983,6753.89,325
13984,1893.8,88
13985,10020.86,480
13986,320.46,13
13987,682.54,46
13988,4757.8,295
13989,2026.06,86
13990,311.3,16
13991,852.88,82
13992,219.5,11
13993,6775.71,261
13994,2274.14,148
13995,3902.01,230
13996,895.76,33
13997,376.46,44
13998,566.7,31
13999,9502.26,466
14000,2046.3400000000001,49
14001,4228.85,103
14002,529.73,47
14003,209.41,16
14004,6258.45,241
14005,2874.72,84
14006,2196.67,77
14007,79.48,5
14008,509.04,32
14009,1099.91,74
14010,445.15,24
14011,457.82,32
14012,328.8,11
14013,1084.57,68
14014,1948.21,76
14015,917.34,20
14016,11403.41,448
14017,229.75,14
14018,367.15000000000003,13
14019,1421.61,66
14020,1249.01,72
14021,1716.58,90
14022,792.15,47
14023,584.07,31
14024,645.74,34
14025,4057.9,99
14026,713.11,50
14027,104.82,6
14028,10396.5,9
14029,467.66,15
14030,7521.8,824
14031,39019.51,750
14032,4546.41,230
14033,109.44,1
14034,648.89,86
14035,2794.75,145
14036,626.65,38
14037,836.95,114
14038,3069.88,161
14039,267.28000000000003,10
14040,12523.81,781
14041,141.41,21
14042,431.98,21
14043,302.6,41
14044,3077.7,826
14045,10986.63,37
14046,154.99,14
14047,3968.11,152
14048,748.69,141
14049,13023.4,1061
14050,746.36,54
14051,21770.98,318
14052,466.66,121
14053,572.3,9
14054,92.46,6
14055,1520.96,33
14056,8152.71,1088
14057,8346.66,447
14058,469.19,24
14059,183.6,8
14060,8898.24,258
14061,917.4300000000001,19
14062,25585.65,340
14063,22710.2,40
14064,3260.24,236
14065,891.02,49
14066,152.55,7
14067,374.7,52
14068,1516.72,108
14069,225.81,41
14070,321.6,41
14071,1437.57,323
14072,390.85,19
14073,151.04,13
14074,219.39999999999998,6
14075,1734.87,81
14076,118.67,44
14077,615.0799999999999,56
14078,1553.47,148
14079,618.73,13
14080,1115.68,83
14081,4867.57,844
14082,413.36,65
14083,1082.19,185
14084,150.5,7
14085,9720.67,1045
14086,39.95,1
14087,829.47,213
14088,64036.8,682
14089,158.75,13
14090,76.32000000000001,1
14091,9530.08,13
14092,7229.45,373
14093,433.86,100
14094,311.77,43
14095,2.95,1
14096,65164.79,5111
14097,422.85999999999996,40
14098,147.35,21
14099,5750.91,521
14100,191.95000000000002,25
14101,9961.93,90
14102,1105.8799999999999,58
14104,743.53,135
14105,5988.83,279
14106,214.79999999999998,1
14107,4877.3,236
14108,1044.96,52
14109,144.2,9
14110,12987.95,399
14111,692.85,10
14112,5834.59,326
14113,7092.610000000001,122
14114,1364.09,74
14115,622.6700000000001,22
14116,1382.74,72
14117,90.0,3
14118,458.45,15
14119,183.37,11
14121,2780.15,159
14122,362.42,13
14123,436.18,24
14124,419.58000000000004,5
14125,2720.63,166
14126,1172.46,43
14127,1900.0800000000002,117
14128,924.21,65
14129,2591.34,109
14130,1858.77,220
14131,168.22,46
14132,3586.0299999999997,200
14133,911.14,36
14134,11123.35,180
14135,8839.67,219
14136,1570.81,106
14137,332.7,11
14138,965.8800000000001,46
14139,1086.8,69
14140,935.05,66
14141,915.13,40
14142,671.34,44
14143,115.8,7
14144,30.599999999999998,1
14145,7600.05,25
14146,9450.3,456
14147,2590.2,30
14148,466.29,17
14149,446.62,28
14150,658.64,26
14151,679.45,44
14152,1997.3400000000001,133
14153,233.4,17
14154,6460.7,292
14155,118.75,6
14156,313437.62,4038
14157,978.69,85
14158,507.66,41
14159,7860.8,1836
14160,8421.47,107
14161,2996.93,277
14162,289.36,25
14163,2594.62,58
14164,1631.77,29
14165,120.44,24
14166,251.15,51
14167,1274.29,115
14168,370.45,15
14169,621.51,64
14170,570.18,145
14171,498.79,64
14172,369.02,44
14173,586.0,33
14174,134.46,26
14175,7678.88,331
14176,756.46,37
14177,2209.69,205
14178,1600.26,318
14179,701.57,157
14180,6117.5,289
14181,308.35,52
14182,678.77,50
14183,278.34000000000003,34
14184,452.89,24
14185,197.65,3
14186,1550.63,104
14187,123.5,8
14188,2054.36,65
14189,5503.15,307
14190,79.9,1
14191,4817.66,265
14192,293.74,14
14193,1210.19,64
14194,18670.59,952
14195,2615.6,16
14196,335.52,6
14197,390.05,20
14198,1569.73,91
14199,1091.7,18
14200,379.2,21
14201,1193.54,55
14202,847.76,29
14203,339.34,16
14204,1024.83,220
14205,2414.2,123
14206,1185.01,71
14207,157.8,2
14208,567.05,35
14209,4993.27,231
14210,5556.570000000001,314
14211,4402.29,240
14212,2190.14,21
14213,1192.2,5
14214,1004.38,67
14215,3250.33,186
14216,2150.04,77
14217,3298.59,174
14218,169.48000000000002,12
14219,633.83,43
14220,1515.0,38
14221,6517.49,347
14222,683.17,41
14223,991.13,60
14224,1841.71,229
14225,2031.07,86
14226,2985.13,97
14227,6368.71,377
14228,745.5,38
14229,2594.04,72
14230,979.8000000000001,33
14231,1235.6200000000001,69
14232,2048.07,115
14233,2904.27,73
14234,754.12,147
14235,4717.99,148
14236,1555.34,47
14237,471.14,26
14238,434.23,13
14239,4263.17,210
14240,1247.49,61
14241,333.70000000000005,12
14242,280.55,16
14243,7217.75,363
14244,366.41999999999996,16
14245,1693.45,108
14246,1474.06,75
14247,753.56,113
14248,1032.95,47
14249,5400.461,272
14250,1904.05,111
14251,2879.7000000000003,78
14252,350.99,10
14253,363.40000000000003,12
14254,601.03,23
14255,1000.63,1
14256,2460.79,133
14257,5954.45,240
14258,32051.34,300
14259,120.0,5
14260,824.28,51
14261,1163.45,52
14262,2618.23,143
14263,322.93,16
14264,1517.3600000000001,79
14265,1373.35,79
14266,40.56,1
14267,1516.24,55
14268,354.85,19
14269,295.73,16
14270,492.65000000000003,29
14271,214.18,38
14272,920.81,64
14273,559.97,29
14274,256.6,15
14275,1189.3799999999999,23
14276,2102.68,121
14277,17197.61,379
14278,205.83,13
14279,191.86,3
14280,134.04,8
14281,245.15,7
14282,7250.76,239
14283,628.4399999999999,41
14284,1299.65,67
14285,3284.42,61
14286,8479.76,499
14287,176.63,9
14288,426.6,16
14289,911.26,47
14290,4516.56,151
14291,7904.1,494
14292,9226.25,193
14293,2903.01,119
14294,375.34,23
14295,2362.91,72
14296,456.40000000000003,27
14297,1305.33,62
14298,91194.49,2864
14299,14070.25,335
14300,43.2,3
14301,1992.18,53
14302,742.9000000000001,28
14303,277.94,22
14304,1725.01,88
14305,1858.96,105
14306,3151.4,46
14307,4287.92,262
14308,1147.02,2
14309,3780.81,189
14310,492.1,22
14311,516.45,31
14312,3090.29,180
14314,229.8,10
14315,3197.82,133
14316,1370.34,31
14317,508.58000000000004,24
14318,158.02,9
14319,494.85,26
14320,1346.75,81
14321,2218.06,179
14322,474.1,13
14323,605.0600000000001,36
14324,701.61,41
14325,245.48000000000002,18
14326,940.98,57
14327,1894.93,106
14328,445.05,1
14329,9887.62,552
14330,200.63,13
14331,462.65999999999997,28
14332,1917.41,62
14333,415.2,15
14334,4318.48,258
14335,454.86,60
14336,1614.91,90
14338,928.1,50
14339,620.27,23
14340,134.7,6
14341,4452.02,265
14342,918.44,33
14343,1079.66,234
14344,2993.05,230
14345,108.97999999999999,6
14346,2315.75,146
14347,82.6,6
14348,409.57,18
14349,133.5,31
14350,972.03,59
14351,51.0,1
14352,1078.96,47
14353,376.5,25
14354,163.62,9
14355,840.0500000000001,60
14356,701.23,33
14357,225.12,40
14358,400.06,25
14359,912.18,55
14360,2118.03,117
14361,214.70999999999998,14
14362,151.5,37
14363,227.47000000000003,8
14364,3717.35,69
14365,634.68,51
14366,136.0,1
14367,9227.82,521
14368,155.0,8
14369,469.13,26
14370,1175.78,44
14371,100.5,4
14372,860.08,38
14373,76.55,4
14374,108.0,7
14375,1106.82,205
14376,215.46,18
14377,617.05,11
14378,131.25,9
14379,1265.16,128
14380,48.96,1
14381,625.9399999999999,112
14382,1193.6299999999999,279
14383,1247.69,59
14384,58.5,3
14385,202.11,14
14386,142.4,7
14387,1727.6,139
14388,6388.2,393
14389,1898.01,87
14390,6150.03,459
14391,135.6,14
14392,266.4,14
14393,67.95,5
14394,93.8,6
14395,7801.93,779
14396,1969.38,249
14397,2612.96,87
14398,707.79,53
14399,2108.21,192
14400,1732.47,73
14401,6795.9,266
14402,285.6,8
14403,1880.51,25
14404,2724.13,181
14405,195.0,2
14406,156.75,8
14407,2157.73,73
14408,4102.27,128
14409,3427.29,104
14410,2631.9,385
14411,1063.0,14
14412,1426.19,84
14413,764.52,96
14414,2399.33,118
14415,11980.09,1234
14416,490.22,14
14417,524.65,117
14418,1937.25,124
14419,1254.64,225
14420,1639.17,93
14421,2469.37,96
14422,10271.52,552
14423,916.6099999999999,15
14424,322.08,1
14425,661.39,39
14426,11727.94,604
14427,1263.52,44
14428,1224.06,137
14429,516.28,22
14430,1220.9,35
14431,2614.2,81
14432,2248.5,377
14433,280.7,74
14434,1372.8,12
14435,90.42,3
14436,271.70000000000005,11
14437,873.34,42
14438,131.9,9
14439,9443.04,129
14440,5982.03,128
14441,4611.6900000000005,154
14442,5367.0199999999995,183
14443,2082.97,133
14444,120.44,11
14445,221.65,32
14446,1200.28,319
14447,1711.73,106
14448,375.35,20
14449,2230.96,483
14450,1128.44,76
14451,3258.68,512
14452,658.95,129
14453,119.93,22
14454,977.3,110
14455,617.72,77
14456,3017.28,947
14457,113.64,4
14458,228.07,47
14459,5375.741,113
14460,1093.5,42
14461,6676.91,636
14462,2242.81,281
14463,786.5699999999999,8
14464,111.0,4
14465,3925.85,193
14466,4267.15,206
14467,2203.2400000000002,303
14468,204.24,12
14469,2093.46,145
14470,712.04,60
14471,400.95,41
14472,2118.72,309
14473,234.34000000000003,7
14474,1258.8899999999999,127
14475,1151.15,48
14476,193.0,17
14477,1969.6,14
14478,1276.66,68
14479,1124.71,139
14480,1299.52,65
14481,2284.69,150
14482,4306.72,244
14483,257.1,13
14484,1070.98,53
14485,162.8,46
14486,175.5,6
14487,1266.27,168
14488,1064.28,46
14489,1574.93,100
14490,1273.47,80
14491,340.93,17
14492,1921.91,92
14493,5087.86,355
14494,401.46,17
14495,174.8,7
14496,2363.89,106
14497,697.0600000000001,40
14498,3900.83,369
14499,2101.79,311
14500,356.85,7
14501,251.21,10
14502,2429.83,608
14503,3543.26,164
14504,673.26,107
14505,11879.08,1575
14506,2960.25,398
14507,3216.7400000000002,258
14508,822.92,177
14509,110.95,25
14510,979.85,75
14511,1314.81,68
14512,1215.97,79
14513,788.01,19
14514,4380.04,319
14515,3724.06,173
14516,151.17,35
14517,330.45,18
14518,174.37,16
14519,203.14,38
14520,270.6,4
14521,199.45000000000002,17
14522,1748.42,45
14523,241.09,12
14524,2909.86,322
14525,8026.54,526
14526,258.65,41
14527,27246.88,2639
14528,364.21999999999997,18
14529,578.61,213
14530,6088.87,473
14531,376.34,29
14532,3845.78,314
14533,3466.37,89
14534,6187.66,715
14535,5973.2300000000005,825
14536,170.95,18
14537,641.4,23
14538,1370.8400000000001,52
14539,537.48,32
14540,3709.64,264
14541,2491.38,175
14542,103.25,5
14543,14587.87,212
14544,2938.53,187
14545,349.25,23
14546,5184.84,790
14547,3974.75,355
14548,2541.29,110
14549,913.6,143
14550,1345.06,97
14551,878.09,79
14552,507.93,154
14553,1818.6,288
14554,2279.4900000000002,203
14555,2304.03,117
14556,815.69,196
14557,788.38,16
14558,655.5,15
14559,75.6,2
14560,6114.03,200
14561,1080.76,69
14562,6638.150000000001,601
14563,640.54,106
14564,2605.62,107
14565,3859.2200000000003,160
14566,4092.0,16
14567,1530.3600000000001,33
14568,919.7,47
14569,597.3299999999999,34
14570,613.75,68
14571,160.0,30
14572,5526.88,507
14573,2163.12,310
14574,143.70000000000002,11
14575,420.22,72
14576,35.400000000000006,1
14577,1364.15,182
14578,168.63,24
14579,105.56,25
14580,14.850000000000001,1
14581,409.65,60
14582,114.11,6
14583,1660.29,464
14584,1738.16,218
14585,1143.27,111
14586,237.36,19
14587,1580.29,371
14588,135.39,16
14589,39.75,3
14590,2993.37,202
14591,1320.21,176
14592,557.94,158
14593,3665.5299999999997,611
14594,363.33,52
14595,2164.45,136
14596,222.22000000000003,53
14597,2184.63,95
14598,384.04,90
14599,457.89,79
14600,865.1700000000001,54
14601,213.96,7
14602,205.35999999999999,31
14603,660.0,2
14604,143.85999999999999,23
14605,921.5600000000001,108
14606,29951.37,6359
14607,23763.13,203
14608,3352.94,43
14609,1486.2,13
14610,24.35,10
14611,604.3299999999999,38
14612,877.7,14
14613,76.32000000000001,1
14614,295.13,19
14615,951.76,48
14616,527.78,5
14617,190.47000000000003,9
14618,1342.32,51
14619,1291.24,60
14620,412.78000000000003,26
14621,3000.57,159
14622,320.58000000000004,21
14623,2016.98,282
14624,814.07,51
14625,4497.88,266
14626,5410.92,232
14627,462.75,29
14628,1998.0,86
14629,955.26,150
14630,338.65,21
14631,2025.69,91
14632,114.56,8
14633,344.90000000000003,20
14634,2124.46,109
14635,215.22,15
14636,609.85,28
14637,106.67999999999999,7
14638,443.6,16
14639,4978.96,292
14640,3649.36,203
14641,110.46,7
14642,96.12,2
14643,1679.89,62
14644,2247.72,62
14645,876.89,48
14646,528602.52,3849
14647,506.04,48
14648,4466.65,431
14649,3651.19,527
14650,62.5,4
14651,2025.52,283
14652,114.18,29
14653,3593.06,382
14654,246.86,27
14655,3878.51,103
14656,790.0,207
14657,1450.19,209
14658,247.15,29
14659,2529.93,253
14660,285.74,30
14661,107.95,4
14662,1376.43,238
14663,490.6,68
14664,636.24,98
14665,2749.65,132
14666,195.25,14
14667,20395.34,1270
14668,111.63,12
14669,3216.78,387
14670,583.33,179
14671,1127.45,55
14672,1113.14,106
14673,3037.32,148
14674,173.66,14
14675,1015.58,221
14676,8356.79,133
14677,184.91,14
14678,403.39,24
14679,1289.44,63
14680,55688.5,1274
14681,875.1500000000001,20
14682,1514.81,86
14683,146.56,21
14684,1430.03,486
14685,4536.64,187
14686,852.53,219
14687,1402.06,40
14688,7190.42,489
14689,112.8,13
14690,777.68,103
14691,2114.33,71
14692,1715.1399999999999,159
14693,1165.36,75
14694,244.31,15
14695,1534.22,82
14696,2473.28,154
14697,188.60999999999999,22
14698,1217.27,200
14699,702.6,50
14700,3076.06,167
14701,4487.11,595
14702,6368.78,679
14703,318.17,22
14704,1752.92,455
14705,179.0,1
14706,367.54,25
14707,139.2,2
14708,1793.22,41
14709,8886.33,357
14710,1899.79,432
14711,2839.62,345
14712,1328.0700000000002,32
14713,5115.76,676
14714,906.24,93
14715,1825.45,137
14716,543.28,96
14717,81.3,11
14718,226.42,11
14719,1581.84,235
14720,663.81,37
14721,109.07,25
14722,489.52,87
14723,1803.06,416
14724,341.9,41
14725,1252.74,100
14726,116.5,15
14727,463.72999999999996,46
14728,190.58,14
14729,586.24,132
14730,1897.57,462
14731,380.02,45
14732,5517.07,277
14733,14335.15,319
14734,1056.42,63
14735,12240.16,366
14736,374.05,88
14737,3554.17,45
14738,1821.9,80
14739,11573.62,244
14740,4161.06,231
14741,1713.09,76
14742,579.85,34
14743,50.48,3
14744,3660.08,118
14745,2551.41,140
14746,593.5,9
14747,328.2,18
14748,2681.9,159
14749,310.15,18
14750,112.03,32
14751,126.45,7
14752,389.64,5
14753,869.51,48
14754,1547.93,136
14755,9972.550000000001,475
14756,2653.76,119
14757,420.5,19
14758,2864.97,136
14759,1625.97,102
14760,89.2,5
14761,447.92,24
14762,417.57,30
14764,278.3,6
14765,254.11,39
14766,6375.7300000000005,334
14767,382.81,18
14768,192.60000000000002,5
14769,15514.11,1398
14770,3637.64,197
14771,594.62,47
14772,139.26,9
14773,140.55,10
14774,241.45,13
14775,1011.9,60
14776,3708.3,190
14777,307.56,16
14778,730.86,35
14779,386.15,41
14780,447.68,27
14782,200.10000000000002,6
14783,307.3,17
14784,449.93,27
14785,77.4,3
14786,90.96,7
14787,110.65,15
14788,1156.32,58
14789,197.64,6
14790,2526.62,145
14791,303.63,19
14792,6.2,2
14793,625.9,39
14794,1953.9,104
14795,131.45000000000002,6
14796,10169.33,1493
14797,300.31,16
14798,724.31,49
14799,338.15,23
14800,7191.33,600
14801,189.34,57
14802,1502.98,2
14803,845.55,44
14804,353.27,12
14805,1082.55,127
14806,303.43,20
14807,504.14,38
14808,2718.6,231
14809,686.76,18
14810,2354.03,301
14811,170.5,28
14812,178.85,36
14813,888.91,138
14814,154.21,30
14815,778.5,53
14816,271.85,4
14817,3959.86,230
14818,1153.56,104
14819,456.41,54
14820,1274.76,64
14821,1230.15,69
14822,157.70000000000002,9
14823,321.43,70
14824,4022.9100000000003,158
14825,4735.08,299
14826,385.2,10
14828,9839.460000000001,101
14829,1455.8700000000001,91
14830,188.88,39
14831,1676.57,82
14832,322.69,1
14833,94.8,7
14834,2206.16,87
14835,297.0,2
14836,102.44999999999999,6
14837,3460.32,209
14838,769.9200000000001,70
14839,915.28,74
14840,362.71,22
14841,7163.0,300
14842,2824.69,145
14843,211.79999999999998,9
14844,6702.43,277
14845,150.0,1
14846,437.4,12
14847,1348.95,62
14848,310.56,11
14849,15407.61,738
14850,1770.96,195
14851,829.4100000000001,42
14852,6132.43,309
14853,1376.87,31
14854,4303.06,214
14855,6520.3,207
14856,1290.53,65
14857,3651.851,213
14858,180.75,11
14859,1705.64,66
14860,170.32,11
14861,1380.73,86
14862,841.1999999999999,48
14863,266.76,11
14865,92.52000000000001,6
14866,20746.54,136
14867,2952.06,137
14868,4184.01,211
14869,2778.14,244
14870,1838.95,65
14871,1228.17,194
14872,816.6,43
14873,854.13,49
14874,116.18,6
14875,2862.4,89
14876,256.7,13
14877,425.85,63
14878,4076.5,369
14879,185.06,27
14880,690.59,46
14881,255.4,17
14882,3546.65,65
14883,761.59,53
14884,120.6,8
14885,1598.12,31
14886,364.8,18
14887,1862.0,6
14888,369.2,20
14889,135.9,10
14890,817.25,57
14891,1106.73,63
14892,202.35000000000002,13
14893,1809.6100000000001,106
14894,1492.81,46
14895,25119.54,900
14896,1826.0,253
14897,3140.54,127
14898,3365.95,291
14899,1331.38,129
14900,13.919999999999998,1
14901,1919.0,134
14902,1035.6200000000001,59
14903,2795.33,350
14904,1630.49,141
14905,1971.39,78
14906,68.44,1
14907,5547.72,268
14908,381.9,14
14909,1404.68,80
14910,434.35,30
14911,291420.81,11077
14912,1889.25,63
14913,4073.13,247
14915,1811.25,90
14916,3042.95,134
14917,1123.75,29
14918,5955.81,141
14919,359.35,13
14920,1607.17,97
14921,1316.07,78
14922,843.74,50
14923,749.1,44
14924,931.01,31
14926,359.4,3
14927,308.2,20
14928,223.91000000000003,21
14929,836.69,34
14930,5236.7300000000005,278
14931,1257.68,41
14932,666.13,32
14933,1770.0,4
14934,3503.5,185
14935,2849.83,26
14936,12410.81,527
14937,1621.88,34
14938,2322.43,71
14940,531.49,32
14941,182.1,7
14942,746.56,19
14943,107.62,5
14944,9784.67,303
14945,179.4,11
14946,100.9,3
14947,1049.79,54
14948,1101.97,63
14949,515.0,27
14950,371.2,19
14951,311.69,20
14952,17629.35,307
14953,971.32,245
14954,462.12,118
14955,163.77,31
14956,1325.0,4
14957,261.69,28
14958,941.99,71
14959,695.42,59
14960,221.27,27
14961,16410.15,670
14962,366.91,14
14963,3123.57,476
14964,206.21,13
14965,596.09,81
14966,1064.26,151
14967,1982.6100000000001,29
14968,501.24,84
14969,906.23,13
14970,4919.35,113
14971,1097.98,155
14972,145.07,20
14973,1314.45,32
14974,89.94,17
14975,472.39,26
14976,790.86,72
14977,31.929999999999996,4
14978,3112.19,290
14979,429.66,49
14980,150.68,24
14981,372.92,22
14982,237.78,39
14983,183.20000000000002,30
14984,1260.51,54
14985,292.01,83
14986,563.1,98
14987,1550.6499999999999,15
14988,2038.65,235
14989,342.4,18
14990,304.17,42
14991,314.67,21
14992,210.5,27
14993,36.13,10
14994,946.72,302
14995,231.98000000000002,60
14996,442.28999999999996,41
14997,776.5999999999999,38
14998,753.18,125
14999,129.48000000000002,9
15000,490.52,77
15001,199.10999999999999,46
15002,4138.08,337
15003,1027.03,329
15004,1220.77,154
15005,13754.58,2387
15006,757.78,182
15007,156.91,12
15008,360.0,12
15009,1259.43,180
15010,308.94,20
15011,416.6,20
15012,646.26,191
15013,1610.82,340
15014,257.67,33
15015,2354.97,294
15016,620.89,105
15017,125.58,20
15018,496.21000000000004,31
15019,252.81,66
15020,198.47,27
15021,2500.59,623
15022,1133.44,140
15023,11578.65,958
15024,3559.39,320
15025,979.79,139
15026,1048.8899999999999,138
15027,3195.6,91
15028,962.94,102
15029,365.1,10
15030,1979.91,33
15031,3102.94,395
15032,11010.05,95
15033,2557.18,501
15034,8231.2,752
15035,252.73000000000002,27
15036,429.56,119
15037,397.76,45
15038,1146.53,235
15039,39141.48,2695
15040,7.49,1
15041,289.4,104
15042,315.45,9
15043,2870.3199999999997,51
15044,16024.15,896
15045,735.66,12
15046,7623.79,394
15047,343.62,22
15048,381.0,94
15049,121.17000000000002,3
15050,4087.19,149
15051,3926.91,289
15052,207.73000000000002,28
15053,693.95,69
15054,302.1,114
15055,549.12,81
15056,113.64999999999999,6
15057,3255.96,70
15058,3387.58,347
15059,3491.2,589
15060,294.25,115
15061,126389.02,898
15062,2585.62,159
15063,370.79999999999995,5
15064,1254.41,81
15065,3326.86,166
15066,893.59,42
15067,3862.88,177
15068,1174.9,218
15069,1109.53,70
15070,737.0500000000001,32
15071,1455.56,54
15072,187.51999999999998,13
15073,2788.02,159
15074,1553.1299999999999,72
15075,773.03,27
15076,1447.74,80
15077,2428.08,32
15078,17286.73,771
15079,3625.4,141
15080,546.25,31
15081,1854.57,101
15082,93.35000000000001,6
15083,88.2,5
15084,965.2,31
15085,347.54,9
15086,218.53,11
15087,306.94,15
15088,1160.07,57
15089,2420.84,145
15090,381.32,23
15091,1046.6100000000001,57
15092,776.46,45
15093,13702.38,316
15094,83.0,5
15095,3141.64,124
15096,219.39000000000001,11
15097,908.35,66
15098,39916.5,3
15099,410.48,23
15100,2193.8999999999996,16
15101,1477.94,58
15102,554.67,27
15103,703.36,35
15104,993.54,67
15105,3094.91,151
15106,1422.52,100
15107,824.35,42
15108,1300.25,60
15109,983.1,48
15110,1505.8500000000001,53
15111,2442.37,135
15112,209.4,7
15113,3509.43,97
15114,3400.12,231
15115,531.85,35
15116,1352.75,45
15117,2485.9700000000003,131
15118,244.8,1
15119,266.4,14
15120,358.82,21
15121,457.72,28
15122,4487.27,227
15123,4656.17,183
15124,450.82,31
15125,17024.87,240
15126,449.49,25
15127,711.5,28
15128,1783.68,123
15129,6860.18,207
15130,330.11,22
15131,80.28,7
15132,977.9300000000001,52
15133,1806.9,49
15134,1596.29,85
15135,305.68,20
15136,1286.7,68
15137,823.4,34
15138,502.52,31
15139,178.96,13
15140,3243.69,112
15141,1388.47,80
15142,2619.92,142
15143,563.63,31
15144,12160.31,349
15145,1194.73,67
15146,1327.16,91
15147,623.5,28
15148,301.29,20
15149,1554.6100000000001,69
15150,8977.94,573
15151,2085.61,57
15152,5263.83,300
15153,329.25,22
15154,1343.72,173
15155,383.96999999999997,24
15156,961.49,55
15157,2654.11,152
15158,606.02,11
15159,22116.73,810
15160,589.27,23
15161,119.92,33
15162,312.9,12
15163,304.47,29
15164,2028.1100000000001,352
15165,487.75,27
15166,167.16,12
15167,1627.62,304
15168,106.56,5
15169,569.22,59
15170,81.15,4
15171,1289.5,5
15172,1624.05,110
15173,1494.6,86
15174,481.46,34
15175,224.14,23
15176,988.04,52
15177,948.93,26
15178,40.5,3
15179,7491.92,314
15180,816.9300000000001,52
15181,1200.2,20
15182,2998.952,125
15183,639.93,38
15184,685.39,84
15185,310.62,21
15186,1403.2,52
15187,4777.18,91
15188,310.43,23
15189,17524.38,241
15190,834.4399999999999,40
15191,588.05,35
15192,1666.39,91
15193,499.32,19
15194,12021.53,476
15195,3861.0,1
15196,313.7,42
15197,1877.51,59
15198,571.35,31
15199,3122.4,51
15200,549.05,30
15201,1842.95,100
15202,6001.49,3
15203,4400.18,343
15204,316.58,9
15205,653.24,37
15206,420.29999999999995,9
15207,683.9200000000001,24
15208,970.52,48
15209,178.98000000000002,13
15210,1176.19,67
15211,894.4100000000001,52
15212,208.28,10
15213,328.35,24
15214,1661.44,110
15215,2422.43,113
15216,486.09,24
15217,426.24,28
15218,11468.83,396
15219,685.45,26
15220,1778.96,117
15221,2062.2000000000003,29
15222,3550.91,138
15223,1417.95,34
15224,871.36,35
15225,409.40000000000003,23
15226,154.41,8
15227,2488.4900000000002,120
15228,5580.2699999999995,234
15229,160.5,9
15230,429.6,23
15231,250.26,14
15232,612.06,31
15233,59.400000000000006,1
15234,197.0,14
15235,2772.76,178
15236,321.05,15
15237,1412.32,99
15238,1071.99,50
15239,780.59,49
15240,4459.98,224
15241,3050.16,184
15242,302.04,4
15243,927.2800000000001,61
15244,912.08,48
15245,4610.84,148
15246,780.4,51
15247,976.06,17
15248,1893.93,106
15249,9266.0,502
15250,60.0,3
15251,20324.54,230
15252,2103.41,118
15253,2055.09,116
15254,1088.35,67
15255,3706.02,188
15256,170.4,10
15257,685.9,12
15258,623.16,34
15259,1182.3799999999999,57
15260,8767.73,381
15261,1508.0,92
15262,418.82,26
15263,156.51,12
15264,848.4,55
15265,3345.64,193
15266,852.21,45
15267,1717.36,11
15268,961.9000000000001,22
15269,1225.3600000000001,35
15270,8524.86,168
15271,4528.54,570
15272,2030.95,286
15273,228.96,1
15274,716.57,47
15275,615.14,41
15276,619.8,178
15277,476.34,26
15278,496.15999999999997,29
15279,1580.54,94
15280,397.52,60
15281,8543.57,522
15282,348.59,27
15283,148.33,9
15284,24.75,1
15285,94.92,6
15286,240.55,3
15287,856.03,36
15288,3715.38,153
15289,1593.09,97
15290,10496.28,292
15291,13517.76,244
15292,178.39,24
15293,247.5,19
15294,233.35,15
15295,207.04,52
15296,10323.03,534
15297,641.94,39
15298,9061.77,425
15299,6156.53,10
15300,496.44,28
15301,6909.67,345
15302,308.0,15
15303,1224.18,69
15304,796.4000000000001,24
15305,93.6,5
15306,3484.73,162
15307,205.3,12
15308,310.47,19
15309,797.96,54
15310,1634.64,45
15311,114966.42,4306
15312,2930.19,163
15313,52.0,1
15314,820.4499999999999,50
15315,570.5,37
15316,165.0,1
15317,129.75,5
15318,312.62,33
15319,204.5,16
15320,267.13,36
15321,6709.7300000000005,309
15322,1390.86,83
15323,434.6,29
15324,140.22000000000003,8
15325,1601.46,224
15326,1700.52,129
15327,208.75,10
15328,107.24,8
15329,2958.83,154
15330,714.96,13
15331,767.91,44
15332,4892.68,154
15333,1028.56,16
15334,350.82,98
15335,170.22,35
15336,240.5,15
15337,373.02,21
15338,277.93,58
15339,1821.02,220
15340,105.5,7
15341,2402.7200000000003,24
15342,406.09,24
15343,364.5,21
15344,563.94,26
15345,393.54,20
15346,596.12,37
15347,1162.0,36
15348,158.04,9
15349,463.90999999999997,71
15350,547.6,30
15351,3430.22,314
15352,111.15,34
15353,2794.4700000000003,360
15354,284.4,3
15355,277.05,14
15356,3239.57,669
15358,16425.86,1089
15359,181.35,16
15360,427.93,13
15361,689.07,10
15362,613.08,40
15363,678.11,35
15364,913.19,29
15365,4557.13,218
15366,2389.08,138
15367,5081.33,279
15368,722.74,8
15369,6251.26,59
15370,3739.01,144
15371,59.400000000000006,1
15372,6017.06,57
15373,3084.54,189
15374,307.32,10
15375,60.959999999999994,6
15376,1221.56,116
15377,1211.75,21
15378,246.5,12
15379,4877.84,263
15380,3248.96,52
15381,1890.5700000000002,24
15382,13733.550000000001,632
15384,2027.79,118
15385,942.08,21
15386,394.14,31
15387,468.65,20
15388,140.54,10
15389,2733.8,6
15390,1216.66,77
15391,289.87,12
15392,2911.62,144
15393,891.34,44
15394,5286.8,227
15395,107.45,7
15396,796.38,16
15397,94.0,6
15398,1345.53,73
15399,815.77,50
15400,1302.3,27
15401,216.95000000000002,14
15402,1830.54,131
15403,170.88,8
15404,257.06,16
15405,659.84,30
15406,975.87,122
15407,1046.74,148
15408,267.18,34
15409,131.25,9
15410,4685.72,162
15411,1348.93,98
15412,190.53,10
15413,6798.72,25
15414,774.9000000000001,39
15415,559.61,47
15416,4572.82,228
15417,508.8,28
15418,449.42,68
15419,135.86,8
15420,743.0,56
15421,3805.34,316
15422,1619.97,120
15423,266.89,14
15424,597.78,33
15425,1941.1200000000001,143
15426,2156.35,429
15427,1430.54,292
15428,762.75,44
15429,397.35,82
15430,954.75,36
15431,153.24,2
15432,320.76,16
15433,533.3,41
15434,2567.06,134
15435,149.29,29
15436,1067.75,291
15437,393.45,57
15438,156.57999999999998,25
15439,1269.05,57
15440,383.68,62
15441,1254.21,57
15442,594.0,2
15443,5114.23,625
15444,1411.21,214
15445,284.5,14
15446,399.75,112
15447,492.88,29
15448,788.81,49
15449,974.52,60
15450,429.84,30
15451,226.86,60
15452,1785.1100000000001,199
15453,1371.77,279
15454,305.99,40
15455,38.25,2
15456,2091.52,227
15457,237.07,58
15458,370.43999999999994,13
15459,202.82999999999998,7
15460,214.26,56
15461,429.7,2
15462,737.05,41
15463,126.14,7
15464,1044.65,155
15465,12100.4,255
15466,1560.46,262
15467,524.88,52
15468,1430.48,80
15469,874.25,43
15470,63.419999999999995,4
15471,1292.01,155
15472,371.56,76
15473,2046.0,14
15474,150.35,19
15475,454.10999999999996,29
15476,2209.98,79
15477,368.4,2
15478,1983.48,69
15479,147.4,9
15480,6279.0,215
15481,1993.34,38
15482,14417.36,148
15483,817.8199999999999,269
15484,4652.1,240
15485,4810.92,137
15486,102.0,1
15487,231.32,14
15488,431.92,11
15489,2419.61,114
15490,210.85,25
15491,3100.09,154
15492,659.4599999999999,35
15493,4121.68,612
15494,3702.6,368
15495,246.5,20
15496,146.14000000000001,22
15497,8657.39,121
15498,24972.86,941
15499,158.65,41
15500,1131.56,68
15501,399.95,69
15502,13003.869999999999,330
15503,257.3,117
15504,402.7,64
15505,3610.96,97
15506,2030.33,273
15507,475.86,45
15508,1000.27,92
15509,152.41,26
15510,250.0,1
15511,900.53,158
15512,331.58,32
15513,26437.05,547
15514,6392.06,317
15515,171.81,7
15516,62.43,15
15517,267.03,27
15518,4189.99,448
15519,344.61,37
15520,343.5,18
15521,7098.24,403
15522,397.99,56
15523,17259.19,212
15524,591.4,9
15525,890.22,180
15526,148.44,4
15527,5554.89,329
15528,229.33,26
15529,4783.66,785
15530,1808.68,142
15531,1972.39,219
15532,3738.85,617
15533,807.57,83
15534,162.25,8
15535,1044.3700000000001,130
15536,259.09,16
15537,110.92,24
15538,3358.3999999999996,14
15539,538.46,41
15540,460.68,31
15541,85.13000000000001,29
15542,855.71,226
15543,242.26,56
15544,7807.89,531
15545,288.96999999999997,80
15546,1079.1000000000001,12
15547,10057.05,1332
15548,158.09,23
15549,2334.16,161
15550,2211.05,235
15551,1679.81,143
15552,252.52,30
15553,428.93,55
15554,217.2,14
15555,11243.91,1591
15556,279.77,31
15557,468.91,19
15558,202.68,23
15559,1109.4,62
15560,153.52,10
15561,1934.3899999999999,92
15562,671.4300000000001,33
15563,2859.46,257
15564,70.74000000000001,4
15565,173.16,8
15566,227.87,12
15567,186.01,7
15568,758.29,53
15569,3583.45,140
15570,8736.49,730
15571,3892.35,600
15572,3965.2,343
15573,1188.42,211
15574,1101.44,230
15575,30.1,3
15576,921.37,43
15577,396.03000000000003,59
15578,127.1,13
15579,1250.63,161
15580,1375.39,225
15581,7480.4,684
15582,682.9100000000001,44
15583,95.96,39
15584,1268.2,220
15585,455.3,31
15586,1139.1,38
15587,1522.0800000000002,14
15588,579.6,4
15589,478.53000000000003,29
15590,1496.6,87
15591,217.9,7
15592,388.58,24
15593,199.8,5
15594,1771.78,103
15595,357.6,4
15596,2727.72,155
15597,563.37,37
15598,548.02,36
15599,1250.06,83
15600,1199.31,71
15601,14191.74,824
15602,3137.96,125
15603,88.48,4
15604,216.39,17
15605,1741.95,99
15606,5230.99,145
15607,1708.97,109
15608,1785.98,105
15609,298.48,16
15610,112.46000000000001,6
15611,2997.28,94
15612,195.15,6
15613,433.71999999999997,27
15614,3147.36,81
15615,21373.97,901
15616,317.11,13
15617,828.5500000000001,42
15618,776.851,45
15619,336.40000000000003,3
15620,1942.36,129
15621,1293.03,16
15622,7852.61,426
15623,2437.05,108
15624,588.13,34
15625,3236.4,171
15626,1067.52,80
15627,566.9,24
15628,5333.08,299
15629,2240.9,77
15630,1481.4,80
15631,596.67,39
15632,3285.31,167
15633,4335.96,176
15634,554.65,34
15635,100.35,2
15636,1444.58,57
15637,797.59,41
15638,2265.2,25
15639,1065.08,69
15640,23494.31,748
15641,5345.55,311
15642,105.78000000000002,6
15643,664.0,33
15644,803.54,232
15645,1055.17,68
15646,784.8100000000001,68
15647,169.0,11
15648,639.5,24
15649,1660.35,11
15650,553.88,36
15651,1259.06,60
15652,1405.94,102
15653,877.4399999999999,6
15654,922.53,21
15655,560.67,34
15656,748.5,47
15657,30.0,1
15658,2117.27,102
15659,532.49,21
15660,2603.69,151
15661,1215.95,44
15662,283.73,12
15663,138.14,9
15664,1254.03,70
15665,3987.07,286
15666,632.9399999999999,67
15667,301.32,13
15668,76.32000000000001,1
15669,684.34,33
15670,325.2,19
15671,2657.13,78
15672,45.300000000000004,3
15673,6204.32,268
15674,6948.2300000000005,351
15675,542.04,35
15676,3435.76,202
15677,1305.63,72
15678,1825.94,92
15679,781.28,110
15680,4028.69,236
15681,2989.7,88
15682,318.24,25
15683,524.54,26
15684,173.95,11
15685,55.980000000000004,17
15686,90.0,1
15687,2993.1,166
15688,190.57,27
15689,521.03,24
15690,239.76,19
15691,571.3,14
15692,191.04,12
15693,37.5,1
15694,9978.48,143
15695,1131.04,59
15696,3881.2200000000003,221
15697,246.75,14
15698,46.2,2
15699,309.65,18
15700,696.68,86
15701,1529.0,230
15702,140.39000000000001,30
15703,211.5,5
15704,3734.6600000000003,204
15705,143.1,6
15706,1060.56,55
15707,916.98,205
15708,3887.15,337
15709,327.85,27
15710,898.87,110
15711,420.25,25
15712,3472.4100000000003,166
15713,839.64,52
15714,783.96,48
15715,658.02,38
15716,2485.26,286
15717,607.0,24
15718,293.79,18
15719,10195.97,1770
15720,739.22,153
15721,471.40000000000003,84
15722,5234.0,178
15723,930.7,123
15724,310.85,17
15725,415.25,32
15726,321.91,23
15727,9371.71,685
15728,544.6,12
15729,192.55,11
15730,1726.58,111
15731,125.3,8
15732,1543.97,99
15733,162.3,10
15734,2263.3,43
15735,327.68,19
15736,1767.12,100
15737,1188.1200000000001,71
15738,13043.32,482
15739,449.12,8
15740,154.88,9
15741,208.62,12
15742,156.87,41
15743,775.96,86
15744,34.8,3
15745,1094.59,62
15746,196.88,28
15747,2499.81,216
15748,609.8100000000001,36
15749,44534.3,10
15750,6452.991,628
15751,1380.44,130
15752,3924.91,586
15753,79.2,1
15754,3037.61,131
15755,5993.12,371
15756,528.01,191
15757,2940.36,193
15758,205.25,9
15759,830.9300000000001,17
15760,13916.34,2
15761,143.05,5
15762,583.75,37
15763,1086.92,61
15764,4503.08,249
15765,370.63,25
15766,831.06,26
15768,15308.89,1208
15769,88612.52,223
15770,321.45,18
15771,1006.54,28
15772,280.88,16
15773,774.52,47
15774,1288.34,110
15775,150.5,9
15776,241.62,18
15777,1762.61,39
15778,307.95,17
15779,124.08000000000001,8
15780,475.28000000000003,29
15781,345.46,20
15782,4014.1,61
15783,246.3,14
15784,848.3299999999999,43
15785,5969.93,225
15786,8501.62,465
15787,933.26,200
15788,221.82999999999998,14
15789,1962.01,138
15790,218.75,34
15791,3608.34,167
15792,933.84,57
15793,2399.57,30
15794,777.0,15
15795,1979.8700000000001,131
15796,5171.63,293
15797,2821.08,12
15798,1535.37,83
15799,1421.34,154
15800,1227.07,232
15801,1063.95,64
15802,451.42,1
15803,1929.66,51
15804,4206.39,262
15805,10148.93,529
15806,784.58,31
15807,1817.52,88
15808,17180.25,772
15809,1274.44,58
15810,2999.04,166
15811,3486.15,273
15812,5201.47,125
15813,1303.9099999999999,40
15814,2634.44,98
15815,2100.6,49
15816,144.14999999999998,11
15817,2766.4,152
15818,340.5,11
15819,3934.79,260
15820,206.98,17
15821,570.96,62
15822,1840.06,65
15823,3882.17,155
15824,890.94,26
15825,532.94,20
15826,2598.28,119
15827,3603.14,217
15828,1108.82,74
15829,636.14,51
15830,576.0,39
15831,794.64,66
15832,836.79,54
15833,80.4,5
15834,3764.39,374
15835,954.09,50
15836,137.37,10
15837,777.01,52
15838,73205.5,206
15839,1048.49,62
15840,355.56,27
15841,2742.41,92
15842,548.8,25
15843,118.95000000000002,8
15844,130.73999999999998,11
15845,4426.28,174
15846,107.01,29
15847,822.57,48
15848,137.99,34
15850,1006.75,311
15851,109.73,8
15852,257.26,33
15853,110.8,30
15854,5578.28,256
15855,1052.72,95
15856,32275.95,1102
15857,570.48,24
15858,3552.41,435
15859,438.46,22
15860,2361.3,343
15861,4369.2,788
15862,2512.29,498
15863,355.1,77
15864,2180.76,23
15865,2241.42,126
15866,211.89,43
15867,8923.3,1020
15868,94.53,4
15869,321.11,34
15870,857.46,143
15871,33.099999999999994,5
15872,729.25,188
15873,313.91999999999996,6
15874,11284.76,342
15875,108.52,23
15876,1449.1399999999999,11
15877,490.33,126
15878,330.77,51
15879,1137.8,179
15880,329.03000000000003,96
15881,501.39000000000004,29
15882,1124.66,59
15883,396.48,49
15884,244.60000000000002,14
15885,1951.82,115
15886,1052.8700000000001,62
15887,1027.15,37
15888,429.16,39
15889,1427.6,301
15890,535.65,10
15891,511.68,60
15892,128.2,38
15893,305.28000000000003,1
15894,258.25,37
15895,179.17,11
15897,208.59,22
15898,4996.45,619
15899,56.25,4
15900,886.5699999999999,126
15901,687.72,164
15902,145.01,18
15903,8939.84,116
15904,164.68,30
15905,114.69,22
15906,2530.19,201
15907,882.72,226
15908,758.62,40
15909,191.94,7
15910,2661.17,620
15911,1700.24,258
15912,1074.7,95
15913,6.300000000000001,1
15914,205.99,13
15915,364.45,113
15916,3145.2400000000002,306
15917,530.17,142
15918,582.88,61
15919,525.69,122
15920,569.14,107
15921,775.26,79
15922,369.5,11
15923,127.08,21
15924,102.82,15
15925,207.15,12
15926,134.44,7
15927,106.54,15
15928,293.53,11
15929,594.0,1
15930,426.63,21
15931,239.9,14
15932,2495.87,115
15933,1107.46,74
15934,2190.66,29
15935,416.86,12
15936,282.79,19
15937,145.35,7
15938,734.81,39
15939,9060.39,161
15940,35.8,1
15941,405.0,6
15942,337.44,14
15943,271.28999999999996,12
15944,2164.24,38
15945,646.27,28
15946,2304.18,26
15947,1708.24,29
15948,1509.0900000000001,95
15949,364.72,19
15950,7120.91,393
15951,1013.17,59
15952,781.91,84
15953,3440.3399999999997,167
15954,190.75,20
15955,8085.9800000000005,342
15956,617.6,18
15957,921.25,146
15958,462.12,65
15959,542.89,71
15960,410.95,26
15961,451.28999999999996,42
15962,289.48,55
15963,470.76,28
15964,269.21000000000004,20
15965,2771.94,332
15966,426.53000000000003,27
15967,2966.0,480
15968,404.55,80
15969,1127.05,35
15970,1017.32,24
15971,5902.83,42
15972,1769.33,139
15973,680.62,11
15974,3442.15,176
15975,371.01,24
15976,1694.41,378
15977,1054.73,65
15978,3279.42,129
15979,329.22,22
15980,6543.68,115
15981,9362.77,288
15982,324.51,45
15983,3110.37,258
15984,8393.02,700
15985,2715.28,104
15986,354.42,25
15987,1535.99,169
15988,738.89,120
15989,368.31,86
15990,1997.75,177
15991,150.55,6
15992,896.6,54
15993,2777.67,543
15994,1175.68,108
15995,694.54,110
15996,1386.4,173
15998,8274.14,1425
15999,20.4,1
16000,12393.7,9
16001,583.39,29
16002,169.21,42
16003,5613.83,203
16004,2146.39,90
16005,2365.4900000000002,484
16006,332.82,78
16007,3053.06,657
16008,5339.13,253
16009,972.11,82
16010,1694.86,289
16011,5601.01,425
16012,2978.59,239
16013,56078.44,216
16014,1100.28,275
16015,704.55,181
16016,2083.4,297
16017,1545.58,130
16018,698.13,56
16019,17329.16,403
16020,851.01,46
16021,487.03,126
16022,602.63,71
16023,719.81,101
16024,483.99,85
16025,439.65999999999997,28
16026,236.09,32
16027,2048.36,35
16028,82.2,5
16029,117763.62,370
16030,331.24,29
16031,547.9,98
16032,1965.72,210
16033,10608.81,1359
16034,911.3199999999999,56
16035,217.73,21
16036,2556.84,140
16037,1509.34,71
16038,471.78000000000003,26
16039,456.4,32
16040,2416.9,125
16041,3166.4,6
16042,2245.32,129
16043,1856.5900000000001,73
16044,340.84000000000003,19
16045,3434.9300000000003,148
16046,235.78,22
16047,107.14,1
16048,818.7900000000001,36
16049,1852.15,485
16050,300.7,21
16051,188.44,12
16052,362.06,34
16053,3634.84,194
16054,2111.88,122
16055,134.8,8
16056,650.75,66
16057,3854.85,218
16058,62.7,2
16059,3053.57,391
16060,541.95,24
16061,89.65,3
16062,2863.45,185
16063,335.32,23
16064,109.31,17
16065,1992.13,353
16066,1521.04,101
16067,3269.11,68
16068,115.73,35
16069,457.7,25
16070,852.15,33
16071,1076.8,73
16072,4180.09,531
16073,122.39999999999999,1
16074,252.5,25
16075,736.9300000000001,41
16076,2234.73,129
16077,2300.4,8
16078,362.99,39
16079,1352.0,21
16080,602.5600000000001,30
16081,4278.96,368
16082,106.75,16
16083,2351.42,71
16084,436.18,38
16085,2341.03,375
16086,2687.73,129
16087,1739.92,10
16088,1437.43,6
16089,263.49,47
16090,180.56,18
16091,315.06,18
16092,1587.94,90
16093,17.0,1
16094,3695.56,196
16095,447.05,30
16096,1584.97,66
16097,185.04999999999998,10
16098,4010.7,150
16099,1573.2,69
16100,582.64,37
16101,3229.16,192
16102,1842.14,57
16103,6191.71,200
16104,2774.46,232
16105,2386.19,110
16106,108.38,6
16107,3204.1600000000003,31
16108,2235.92,135
16109,939.48,31
16110,1781.59,430
16111,549.33,73
16112,195.73999999999998,16
16113,161.38,30
16114,135.75000000000003,8
16115,2553.8,419
16116,612.78,34
16117,654.4,89
16118,4376.25,41
16119,1720.81,54
16120,2967.51,92
16121,1450.04,344
16122,895.62,54
16123,307.78,16
16124,1772.49,82
16125,4292.35,287
16126,14644.6,381
16127,801.31,75
16128,3801.05,182
16129,1396.05,96
16130,987.48,55
16131,9957.42,219
16132,664.1999999999999,17
16133,22992.260000000002,544
16134,2145.34,116
16135,819.45,39
16136,946.8,46
16137,422.7,28
16138,910.35,37
16139,1111.15,57
16140,1433.46,64
16141,955.94,50
16142,535.34,37
16143,4555.08,223
16144,175.2,1
16145,6805.4400000000005,396
16146,946.38,41
16147,2398.91,136
16148,386.62,9
16149,422.22,30
16150,4002.17,216
16152,1829.04,29
16153,5133.49,226
16155,796.9,48
16156,6188.18,261
16157,656.69,18
16158,628.32,35
16159,1232.79,52
16160,1025.44,20
16161,12580.06,1134
16162,37.4,2
16163,2407.98,68
16164,822.48,34
16165,79.9,1
16166,435.83,22
16167,1386.1200000000001,63
16168,10360.67,306
16169,1822.97,85
16170,6869.0,440
16171,73.2,3
16172,1884.55,113
16173,1418.32,84
16174,2246.75,65
16175,1836.44,98
16176,2052.69,72
16177,2247.31,118
16178,612.6,25
16179,215.83,11
16180,16249.87,327
16181,305.54,11
16182,9971.65,51
16183,1077.81,41
16184,1158.79,45
16185,644.72,40
16186,8718.43,505
16187,6911.4400000000005,295
16188,1087.66,74
16189,215.48,11
16190,2723.55,119
16191,15677.82,232
16192,351.3,11
16193,630.43,38
16194,308.59999999999997,8
16195,323.25,16
16196,93.3,4
16197,2016.71,93
16198,1030.0410000000002,33
16199,942.75,10
16200,5608.1,613
16201,2112.12,124
16202,2501.9900000000002,124
16203,943.84,66
16204,918.71,101
16205,1820.1100000000001,197
16206,2589.87,240
16207,394.38,19
16208,3440.45,253
16209,4146.78,67
16210,33750.97,256
16211,1090.59,36
16212,1293.71,78
16213,159.0,6
16214,2038.25,98
16215,242.35,14
16216,914.9300000000001,37
16217,304.25,15
16218,3968.67,136
16219,40.8,1
16221,2019.92,239
16222,1272.05,145
16223,1087.05,123
16224,1616.54,116
16225,2859.31,300
16226,672.1700000000001,31
16227,1027.22,34
16228,885.71,54
16229,2867.86,176
16230,542.03,35
16231,1074.47,100
16232,2712.97,105
16233,1818.31,73
16234,333.18,15
16235,2053.71,115
16236,432.2,20
16237,136.65,7
16238,63.66,6
16239,1492.2,35
16240,3718.8,135
16241,3992.86,962
16242,7404.65,672
16243,409.1,51
16244,1522.75,91
16245,1413.66,90
16246,821.35,88
16247,114.56,16
16248,152.94,7
16249,1800.07,69
16250,565.24,35
16251,128.31,20
16252,295.09000000000003,21
16253,7272.2,297
16254,967.44,74
16255,4530.0,508
16256,1629.37,29
16257,46.95,2
16258,11942.52,344
16259,340.94,85
16260,1035.45,18
16261,1041.16,163
16262,755.15,46
16263,348.16,21
16264,823.53,63
16265,6935.17,337
16266,1757.95,109
16267,186.66,7
16268,667.65,45
16269,717.57,53
16270,1141.24,54
16271,3397.82,299
16272,411.7,25
16273,318.34000000000003,15
16274,351.75,65
16275,2151.11,111
16276,2629.3900000000003,26
16277,188.69,23
16278,1117.84,55
16279,5698.28,348
16280,238.05,16
16281,3424.02,39
16282,1307.58,33
16283,4350.32,582
16284,1018.48,133
16285,176.9,31
16286,328.95,17
16287,1006.98,42
16288,129.85,7
16289,136.31,21
16290,1957.7,124
16291,117.72,1
16292,1253.76,62
16293,4279.2,225
16294,126.05000000000001,8
16295,1328.55,79
16296,1313.67,74
16297,301.9,20
16298,1085.7,47
16299,193.65,12
16300,1367.32,238
16301,107.33,6
16302,233.22,11
16303,7928.27,286
16304,381.66,25
16305,361.21999999999997,22
16306,1124.72,67
16307,1194.92,75
16308,5120.0,7
16309,706.57,42
16310,460.08,28
16311,616.26,37
16312,171.15,10
16313,274.15000000000003,16
16314,1491.4,62
16315,402.71,23
16316,5744.91,297
16317,2192.51,117
16318,328.15,19
16319,404.40000000000003,3
16320,5628.99,241
16321,604.5500000000001,23
16322,326.75,37
16323,353.66,4
16324,408.59000000000003,111
16325,3597.5,138
16326,4721.25,467
16327,10159.64,877
16328,310.83,16
16329,1664.92,104
16330,625.38,117
16331,2037.7,34
16332,2000.01,197
16333,26626.8,45
16334,263.73,54
16335,2753.52,361
16336,3517.69,68
16337,151.05,10
16338,214.79999999999998,11
16339,94.05,18
16340,1496.24,357
16341,3850.79,158
16342,322.41,15
16343,614.12,78
16344,842.42,46
16345,1178.79,108
16346,224.51,15
16347,3442.96,342
16348,1744.42,253
16349,53.5,9
16350,2253.89,122
16351,3330.0299999999997,187
16352,494.44,28
16353,9795.460000000001,173
16354,1119.46,140
16355,416.35,48
16356,415.87,59
16357,868.37,47
16358,2919.65,154
16359,2697.75,125
16360,3450.41,636
16361,891.21,104
16362,922.16,90
16363,109.36000000000001,5
16364,705.79,52
16365,3167.34,124
16366,1548.1299999999999,78
16367,1350.48,223
16368,621.44,90
16369,2656.56,169
16370,1301.91,221
16371,157.2,11
16372,1290.31,315
16373,309.49,29
16374,1723.4,346
16375,104.0,13
16376,974.96,122
16377,1308.48,10
16378,362.95,23
16379,2157.4,108
16380,1743.1499999999999,31
16381,247.85,61
16382,353.1,44
16383,2896.69,400
16384,1358.95,81
16385,881.35,114
16386,1068.16,139
16387,882.46,87
16388,186.05,13
16389,1382.07,34
16390,467.5,21
16391,1052.26,304
16392,756.7,144
16393,5297.77,747
16394,1555.34,83
16395,3518.41,634
16396,137.8,8
16397,123.13,9
16398,1705.8,82
16399,630.22,110
16400,3059.85,267
16401,6849.15,363
16402,293.45,57
16403,177.5,10
16404,443.05,23
16405,167.25,5
16406,528.36,148
16407,2761.65,225
16408,231.93,45
16409,5652.74,775
16410,130.32,5
16411,756.39,181
16412,593.19,122
16413,522.03,68
16414,551.21,63
16415,696.76,145
16416,2957.88,186
16417,35.7,1
16418,1028.74,156
16419,1463.7,90
16420,75.0,2
16421,526.27,38
16422,61920.87,698
16423,346.12,18
16424,443.06,13
16425,302.7,21
16426,1863.76,353
16427,241.06,9
16428,638.49,127
16429,284.55,2
16430,1117.94,28
16431,623.28,76
16432,287.4,8
16433,384.52,34
16434,2673.69,180
16435,1003.0699999999999,125
16436,319.14,40
16437,301.25,21
16438,798.35,132
16439,310.70000000000005,9
16440,3856.9700000000003,307
16441,1019.13,85
16442,891.98,247
16443,162.24,1
16444,3625.88,371
16445,583.16,180
16446,168472.5,3
16447,727.1,68
16448,361.12,50
16449,707.69,40
16450,1505.73,43
16451,1013.15,65
16452,332.17,18
16453,251.71,15
16454,30.950000000000003,4
16455,3995.57,205
16456,6000.94,391
16457,208.36,9
16458,5690.89,381
16459,71.78999999999999,5
16460,811.23,132
16461,1545.83,252
16462,136.0,3
16463,1422.4,82
16464,1298.66,230
16465,746.24,48
16466,3767.09,336
16467,2869.16,24
16468,787.52,45
16469,803.9,194
16470,2416.85,468
16471,1189.98,62
16472,789.6,39
16473,470.83,28
16474,1810.65,337
16475,544.3,28
16476,350.35,24
16477,4094.37,246
16478,331.0,17
16479,300.83,35
16480,769.29,53
16481,453.38,16
16482,220.62,18
16483,139.35,19
16484,404.3,25
16485,2287.19,144
16486,134.36,7
16487,209.4,35
16488,498.8,29
16489,303.7,6
16490,205.41000000000003,13
16491,1533.16,87
16492,385.56,23
16493,2132.09,111
16494,826.53,50
16495,648.26,88
16496,2330.77,138
16497,6695.28,337
16498,100.97,15
16499,2578.34,144
16500,843.9100000000001,34
16501,1191.23,199
16502,258.55,41
16503,3614.34,213
16504,465.88,83
16505,777.6,4
16506,90.30000000000001,3
16507,142.71,38
16508,240.95,43
16509,363.7,13
16510,1777.5,112
16511,1760.49,304
16513,874.59,35
16515,3179.06,236
16516,101.69999999999999,6
16517,162.7,17
16518,959.37,68
16519,439.06,36
16520,2148.38,352
16521,1140.11,237
16522,433.36,18
16523,11916.33,371
16524,306.19,53
16525,24151.3,353
16526,717.21,35
16527,1232.94,73
16528,244.41,17
16529,1986.8,128
16530,48.349999999999994,3
16531,2298.33,138
16532,8756.64,6
16533,1082.81,176
16534,635.9,36
16535,972.04,71
16536,548.12,54
16537,23.35,4
16538,395.07,41
16539,3289.66,131
16540,205.75,29
16541,424.03,38
16542,257.32,14
16543,292.21,18
16544,376.70000000000005,11
16545,689.82,8
16546,5307.07,88
16547,104.25999999999999,25
16548,30.15,6
16549,12781.8,3093
16550,8813.58,755
16551,2237.12,88
16552,379.73,17
16553,16584.01,292
16554,2841.72,167
16555,1915.68,66
16556,8012.58,482
16557,281.85,11
16558,13304.11,753
16559,175.0,17
16560,3048.38,198
16561,511.12,31
16562,223.85999999999999,34
16563,4412.56,89
16564,87.8,5
16565,773.05,11
16566,614.66,18
16567,865.6,35
16568,1020.9000000000001,5
16569,1455.23,35
16570,7434.31,241
16571,4248.74,255
16572,1009.6,57
16573,663.61,42
16574,1301.78,86
16576,540.87,33
16577,380.0,23
16578,156.6,9
16579,295.05,14
16581,105.84,9
16582,313.62,6
16583,297.95,18
16584,3156.17,82
16585,341.59,18
16586,1462.78,28
16587,225.15,13
16588,1361.28,71
16589,612.36,44
16590,605.9,29
16591,213.5,10
16592,7807.91,428
16593,1071.1399999999999,78
16594,181.09,53
16595,1757.75,452
16596,458.98,24
16597,90.04,7
16598,145.04999999999998,10
16599,172.8,12
16600,2153.41,143
16601,677.0,69
16602,763.33,40
16603,482.47,34
16604,432.45,12
16605,60.48,1
16606,357.66,22
16607,5706.87,298
16608,1286.6200000000001,121
16609,5493.46,276
16610,75.66,6
16611,1785.13,110
16612,3245.43,167
16613,618.59,30
16614,1179.79,49
16615,291.5,19
16616,500.42,33
16617,151.85,5
16618,2647.59,96
16619,1938.33,116
16620,1758.93,94
16621,813.48,29
16622,225.4,12
16623,1015.24,51
16624,810.5699999999999,48
16625,1654.03,99
16626,4413.1,179
16627,322.8,20
16628,2318.1,125
16629,408.63,60
16630,106.80000000000001,4
16631,1892.52,80
16632,406.4,27
16633,2883.1,152
16634,1649.81,83
16635,473.0,25
16636,3802.04,73
16637,1154.47,69
16638,2380.13,138
16639,1747.98,81
16640,179.4,13
16641,554.5,36
16642,1077.45,54
16643,923.11,55
16644,833.78,62
16645,160.39,14
16646,678.8,29
16647,541.9,33
16648,672.8,37
16649,306.58000000000004,20
16650,1916.11,98
16651,136.2,6
16652,17550.39,275
16653,1212.66,69
16654,1484.07,74
16655,6423.26,590
16656,16833.170000000002,141
16657,874.43,192
16658,690.83,64
16659,39.12,2
16660,1879.55,24
16661,932.76,62
16662,151.05,28
16663,165.0,1
16664,109.2,8
16665,135.39999999999998,9
16666,217.71,48
16667,567.1800000000001,52
16668,862.42,53
16669,1348.88,156
16670,8030.150000000001,485
16671,1692.27,6
16672,8134.9400000000005,114
16673,171.13,19
16674,304.24,93
16675,608.86,23
16676,2361.9,133
16677,880.62,47
16678,3109.99,163
16679,663.31,18
16680,821.45,29
16681,1921.84,49
16682,1028.0,30
16683,320.25,18
16684,147142.77,718
16685,324.24,62
16686,4881.07,1028
16687,157.63,8
16688,1260.86,62
16689,422.59999999999997,13
16690,353.03,19
16691,178.83,11
16692,1914.6999999999998,5
16693,1179.48,168
16694,98.30000000000001,3
16695,191.9,35
16696,657.9000000000001,10
16697,112.75,21
16698,1998.0,5
16699,994.6,62
16700,8830.77,515
16701,9916.73,275
16702,1110.83,91
16704,664.16,54
16705,43515.051,691
16706,531.35,123
16707,533.41,65
16708,656.63,27
16709,9056.01,302
16710,5921.35,909
16711,2868.48,33
16712,4232.87,521
16713,14115.56,1266
16714,1497.33,110
16715,625.52,28
16716,2149.6800000000003,8
16717,6663.68,350
16718,3006.08,177
16719,3513.62,392
16720,758.74,140
16721,292.47,37
16722,8189.56,378
16723,1231.36,124
16724,147.35,17
16725,1688.26,348
16726,2063.88,262
16727,1377.77,205
16728,1048.28,263
16729,7205.33,656
16730,743.11,82
16731,170.3,42
16732,4387.64,221
16733,259.68,12
16734,646.76,52
16735,6217.41,294
16736,2956.56,143
16737,835.1999999999999,2
16738,3.75,1
16739,786.43,38
16740,226.91,32
16741,173.06,11
16742,2799.87,104
16743,4212.15,371
16744,1291.91,236
16745,7180.7,355
16746,18046.75,983
16747,836.06,42
16748,3637.33,165
16749,4157.88,72
16750,623.93,95
16751,1764.72,25
16752,207.5,9
16753,223.92000000000002,34
16754,65500.07,140
16755,2864.68,319
16756,1312.3700000000001,79
16757,270.48,15
16758,369.34000000000003,22
16759,789.79,42
16760,228.0,17
16761,316.62,13
16762,1207.24,63
16763,964.6999999999999,44
16764,2790.9500000000003,700
16765,454.75,52
16766,1145.6,34
16767,8056.76,321
16768,1698.57,161
16769,1117.05,97
16770,1778.93,339
16771,3949.6,408
16772,3698.0499999999997,68
16773,421.24,65
16774,1567.48,131
16775,2820.84,259
16776,592.51,126
16777,1292.18,142
16778,245.94,16
16779,32809.03,1040
16780,596.4,96
16781,623.0,39
16782,9636.12,1683
16783,391.95,25
16784,892.33,158
16785,533.78,35
16786,51.839999999999996,1
16787,1017.53,112
16788,1928.93,478
16789,80.8,5
16790,1545.6200000000001,93
16791,3957.63,681
16792,623.46,102
16793,243.84,16
16794,2052.7,502
16795,2062.41,336
16796,305.62,18
16797,1802.02,398
16798,841.16,169
16799,452.78000000000003,92
16800,1162.65,156
16801,1594.23,75
16802,582.61,53
16803,332.3,24
16804,536.99,60
16805,1091.34,249
16806,762.16,93
16807,2123.88,142
16808,288.42,23
16809,1727.43,259
16810,842.0400000000001,34
16811,547.07,28
16812,2392.0,115
16813,1652.18,426
16814,11924.85,767
16815,406.02,73
16816,417.06,28
16817,2560.7,141
16818,3349.57,188
16819,182.59,17
16820,497.61,26
16821,113.35,7
16822,181.39,11
16823,2243.09,173
16824,686.24,39
16825,1826.89,64
16826,341.7,22
16827,392.13,12
16828,128.5,8
16829,513.32,27
16830,1207.5,75
16831,91.8,6
16832,417.61,21
16833,2409.04,92
16834,898.96,48
16835,1456.66,82
16836,782.37,42
16837,3170.98,165
16838,1159.61,59
16839,21758.25,350
16840,139.85,9
16841,4006.06,219
16842,1264.19,63
16843,19571.43,596
16844,614.34,32
16845,253.88,20
16846,842.41,47
16847,614.89,37
16848,1411.62,85
16849,124.57,8
16850,332.41,19
16851,342.45,20
16852,144.91000000000003,9
16854,1408.96,75
16855,328.4,19
16856,358.49,19
16857,352.8,11
16858,4292.59,126
16859,1932.41,110
16860,1610.62,43
16861,946.59,49
16862,662.33,35
16863,834.27,47
16864,409.25,17
16865,130.95,16
16866,207.73999999999998,11
16867,76.74000000000001,6
16868,384.56,50
16869,817.12,127
16870,450.15999999999997,28
16871,2812.34,137
16872,1213.13,18
16873,14617.39,512
16874,209.89000000000001,31
16875,4234.53,230
16876,136.01,32
16877,846.62,156
16878,13.3,3
16880,1813.21,183
16881,432.0,1
16882,705.12,39
16883,2246.06,267
16884,1070.97,74
16885,684.6,136
16886,134.0,8
16887,658.17,101
16888,434.2,52
16889,2526.65,217
16890,285.41,19
16891,1727.94,418
16892,754.75,137
16893,249.89000000000001,87
16894,1306.96,187
16895,1102.9,163
16896,103.95,18
16897,289.78,37
16898,885.21,251
16899,1695.77,173
16900,887.11,79
16901,204.26,23
16902,1706.88,44
16903,1041.75,182
16904,4675.36,897
16905,4706.77,320
16906,1410.92,213
16907,1470.89,209
16908,252.59,20
16909,379.14,18
16910,1508.96,545
16911,255.25,35
16912,4460.51,172
16913,423.90999999999997,18
16914,183.76,30
16915,1543.18,74
16916,902.02,205
16917,1851.88,50
16918,3206.54,454
16919,4909.66,614
16920,355.45,23
16921,409.21,88
16922,611.08,122
16923,13157.130000000001,1083
16924,829.89,81
16925,125.65,18
16926,1169.6100000000001,96
16927,543.05,6
16928,3897.5299999999997,319
16929,1295.39,77
16930,378.89,53
16931,5032.22,948
16932,412.55,133
16933,3099.3,282
16934,2083.14,141
16935,530.86,69
16936,548.29,139
16937,196.25,49
16938,6995.360000000001,824
16939,433.85,41
16940,6427.66,629
16941,33.0,2
16942,1904.99,277
16943,1299.49,35
16944,101.36,7
16945,8548.16,474
16946,1222.04,75
16947,955.21,53
16948,868.77,43
16949,1286.27,60
16950,3541.77,144
16951,1277.75,86
16952,795.83,87
16953,20.8,1
16954,6081.88,206
16955,1120.31,50
16956,308.74,16
16957,416.64,16
16958,778.49,70
16959,117.35000000000001,7
16960,1990.88,449
16961,794.56,52
16962,251.04,15
16963,110.55000000000001,7
16964,207.85,6
16965,201.19,26
16966,2154.97,28
16967,319.02,21
16968,439.43,31
16969,650.41,42
16970,71.4,2
16971,357.21,41
16972,749.0,82
16973,127.0,6
16974,365.5,8
16975,926.12,45
16976,251.51999999999998,2
16977,496.0,28
16978,768.88,67
16979,2859.74,129
16980,1422.8300000000002,106
16982,384.06,22
16983,3490.5299999999997,231
16984,10350.53,1072
16985,10923.16,243
16986,4888.75,174
16987,2521.4,261
16988,382.67,20
16989,1133.25,12
16990,344.0,2
16991,1041.21,74
16992,5476.5,285
16993,1950.9499999999998,28
16996,2123.61,75
16997,702.0,12
16998,402.0,6
16999,484.82,23
17000,406.3,30
17001,6640.8,275
17002,2571.55,84
17003,828.21,111
17004,2324.36,69
17005,622.36,18
17006,1635.27,129
17007,1120.1,67
17008,81.36,1
17009,242.06,11
17010,195.36,11
17011,671.7,28
17012,360.61,36
17014,583.4300000000001,72
17015,1838.6100000000001,214
17016,552.4,41
17017,12576.99,378
17018,2287.7,37
17019,3602.29,643
17020,935.62,69
17021,1182.22,48
17022,260.0,16
17023,800.18,49
17024,95.85,3
17025,1349.67,37
17026,175.82999999999998,5
17027,1310.63,178
17028,1593.83,95
17029,2137.3,29
17030,146.87,11
17031,2773.85,50
17032,2984.32,237
17033,1332.79,40
17034,1276.42,58
17035,613.59,33
17036,176.9,12
17037,1267.32,75
17038,743.17,63
17039,1954.99,44
17040,463.25,16
17041,1655.2,126
17042,1036.58,97
17043,2593.65,199
17044,11962.3,149
17045,827.6800000000001,53
17046,1906.07,85
17047,2289.23,142
17048,2071.68,101
17049,9942.53,558
17050,4648.59,349
17051,706.49,155
17052,399.09,83
17053,498.48,13
17054,1356.33,83
17055,232.85,26
17056,128.60000000000002,8
17057,294.74,50
17058,1179.89,62
17059,4864.57,721
17060,234.24,5
17061,5232.2300000000005,99
17062,889.75,121
17063,3638.53,205
17064,855.45,61
17065,194.7,12
17066,228.34,18
17067,454.54,13
17068,8987.68,996
17069,5517.2300000000005,284
17070,437.42,103
17071,3793.71,211
17072,273.35,21
17073,1446.09,174
17074,203.05,4
17075,2236.63,199
17076,1242.75,50
17077,306.0,1
17078,378.2,28
17079,118.80000000000001,2
17080,957.53,33
17081,949.39,207
17082,4732.03,170
17083,4049.79,115
17084,5001.21,281
17085,7847.67,987
17086,2050.08,96
17087,221.53,12
17088,1991.01,115
17089,128.45,4
17090,3080.1800000000003,90
17091,7495.75,455
17092,5511.41,392
17093,235.88,13
17094,402.20000000000005,18
17095,2572.25,137
17096,3697.93,205
17097,1143.36,267
17098,591.0699999999999,18
17099,582.17,40
17100,971.74,65
17101,2507.05,73
17102,25.5,1
17103,424.3,32
17104,474.03,19
17105,665.78,90
17106,481.58,51
17107,16052.72,670
17108,174.95,9
17109,1291.71,139
17110,499.9,49
17111,459.58,48
17112,197.57,47
17113,2305.59,158
17114,801.12,123
17115,2761.4900000000002,120
17116,389.78,47
17117,116.19999999999999,9
17118,157.02,10
17119,606.91,35
17120,307.46,18
17121,314.74,12
17122,570.5,30
17123,977.17,43
17124,294.24,31
17125,230.5,35
17126,2016.43,445
17127,1155.0300000000002,37
17128,157.09,14
17129,31.85,2
17131,2463.17,134
17132,1220.9099999999999,71
17133,14622.33,56
17134,625.3,36
17135,1722.18,143
17136,231.68,14
17137,1099.81,167
17138,4417.27,256
17139,19566.76,808
17140,454.12,18
17141,727.58,162
17142,1275.25,89
17143,880.97,112
17144,984.57,48
17145,3120.91,180
17146,5852.64,301
17147,3199.95,136
17148,124.88,9
17149,143.10000000000002,6
17150,1357.95,92
17151,231.90000000000003,4
17152,2016.5,16
17153,213.78,14
17154,329.34,23
17155,892.46,73
17156,591.87,39
17157,5151.9,141
17158,1980.0,113
17159,2099.59,130
17160,10209.16,651
17161,856.01,52
17162,1715.46,104
17163,699.78,30
17164,2467.35,144
17165,1794.32,100
17166,206.34,12
17167,867.11,79
17168,400.2,21
17169,1156.73,75
17170,178.68,10
17171,384.59,25
17172,956.5699999999999,39
17173,3766.6,86
17174,59.9,4
17175,1443.69,63
17176,902.3199999999999,42
17177,119.5,29
17178,432.96,31
17179,1507.26,158
17180,2236.77,400
17181,309.85,28
17182,321.3,6
17183,3347.31,73
17184,198.41000000000003,14
17185,229.46,44
17186,144.0,2
17187,467.71,23
17188,4592.93,172
17189,953.63,120
17190,1726.57,190
17191,4310.34,497
17192,75.28,20
17193,2310.04,44
17194,812.5,61
17195,562.98,31
17196,327.75,93
17197,1013.01,29
17198,692.22,96
17199,135.04000000000002,8
17200,356.71,25
17201,1143.1,171
17202,160.65,8
17203,5564.09,261
17204,5504.6900000000005,177
17205,999.35,35
17206,204.24,7
17207,292.62,60
17208,111.15,23
17209,595.7,38
17210,251.72,53
17211,3773.35,344
17212,794.41,29
17213,4869.400000000001,266
17214,1059.1200000000001,101
17215,186.15,11
17216,63.6,13
17217,210.1,27
17218,3891.39,471
17219,259.13,50
17220,4457.31,672
17221,976.62,124
17222,1579.51,112
17223,558.04,69
17224,100.86,8
17225,131.15,5
17226,895.47,59
17227,1878.93,114
17228,2820.03,327
17229,318.76,47
17230,9388.49,217
17231,7064.8,1201
17232,417.77,35
17233,560.86,58
17234,149.89000000000001,14
17235,1562.98,89
17236,1929.26,158
17237,994.13,79
17238,7331.67,1139
17239,1189.45,32
17240,130.6,7
17241,2736.64,170
17242,2889.28,84
17243,20203.58,1073
17244,1826.04,120
17245,371.63,25
17246,38.92,6
17247,280.09000000000003,54
17248,500.54,104
17249,68.03,27
17250,381.97,56
17251,798.98,78
17252,348.91,86
17253,178.26,18
17254,469.48,147
17255,781.7,182
17256,498.93,31
17257,189.78,14
17258,417.3,55
17259,1452.39,230
17260,120.95,6
17261,221.59,43
17262,2488.76,19
17263,63.440000000000005,23
17264,268.28,74
17265,550.01,122
17266,501.71999999999997,119
17267,317.2,37
17268,1733.8899999999999,30
17269,491.81,125
17270,601.4499999999999,48
17271,204.3,48
17272,2148.63,114
17273,141.12,12
17274,573.22,77
17275,114.1,23
17276,502.49,53
17277,1065.3500000000001,69
17278,271.24,17
17279,187.82999999999998,9
17280,118.85999999999999,6
17281,797.8499999999999,6
17282,2308.54,204
17283,188.46,15
17284,2788.06,373
17285,407.94,44
17286,389.18,90
17287,3826.86,463
17288,2468.43,288
17289,2041.8,266
17290,1487.96,196
17291,550.8000000000001,1
17292,271.75,15
17293,3750.63,241
17294,467.78999999999996,17
17295,547.0,68
17296,338.13,33
17297,128.18,49
17298,954.26,69
17299,993.23,113
17300,393.64,44
17301,294.39,113
17302,1135.63,79
17303,250.04,53
17304,111.5,5
17305,2135.46,9
17306,9782.35,72
17307,3999.8900000000003,48
17308,4511.76,7
17309,320.39,36
17310,1025.1,2
17311,3566.56,127
17312,644.3,14
17313,2328.84,24
17314,4904.43,256
17315,9599.58,747
17316,124.45,35
17317,2600.34,9
17318,157.32999999999998,17
17319,29.1,3
17320,2444.85,152
17321,1665.21,271
17322,922.59,177
17323,1551.04,331
17324,2171.07,145
17325,609.5699999999999,39
17326,312.35,86
17327,152.35,4
17328,104.7,6
17329,998.53,104
17330,423.8,8
17331,175.2,1
17332,838.27,95
17333,494.25,28
17334,635.15,31
17335,497.04,36
17336,81.12,1
17337,1981.06,521
17338,11889.33,1305
17339,302.36,10
17340,19617.95,678
17341,1272.21,219
17342,1227.54,35
17343,1259.94,80
17344,457.36,67
17345,1586.6299999999999,209
17346,4998.61,923
17347,228.96,1
17348,2442.29,443
17349,772.41,85
17350,1893.701,143
17351,1988.23,69
17352,36.25,5
17353,3242.0,14
17354,3133.96,101
17355,273.31,33
17356,946.47,86
17357,384.39,44
17358,861.01,146
17359,284.46,38
17360,1200.51,229
17361,871.79,57
17362,1024.04,144
17363,920.46,35
17364,11972.92,904
17365,8184.49,794
17366,1077.24,131
17367,167.55,33
17368,2758.29,226
17369,979.1999999999999,1
17370,446.18,33
17371,655.37,144
17372,4347.31,648
17373,1167.5,91
17374,727.11,42
17375,660.55,86
17376,453.64,55
17377,17644.27,1712
17378,10.95,1
17379,389.71999999999997,78
17380,645.0,10
17381,36398.65,163
17382,902.28,18
17383,304.09,51
17384,507.55,20
17385,256.11,45
17386,2812.77,38
17387,746.81,76
17388,2675.37,55
17389,57215.33,429
17390,149.3,12
17391,508.8,3
17392,585.92,70
17393,381.15,48
17394,203.86999999999998,4
17395,97.5,3
17396,8409.6,47
17397,1198.28,134
17398,653.38,38
17400,4623.28,469
17401,114.85,12
17402,4635.5599999999995,178
17403,382.87,45
17404,47781.12,292
17405,1031.41,82
17406,4186.95,238
17407,552.9,23
17408,316.09000000000003,8
17409,7793.51,104
17410,1214.72,64
17411,1425.38,75
17412,4220.22,228
17413,560.14,10
17414,2249.52,21
17415,507.84,14
17416,17298.45,597
17417,164.18,16
17418,670.0600000000001,42
17419,6126.25,299
17420,953.58,50
17421,1059.41,58
17422,3594.76,205
17423,1118.95,43
17425,759.17,43
17426,8077.77,427
17427,100.8,2
17428,31466.760000000002,720
17429,1357.46,95
17430,622.57,37
17431,403.3,43
17432,1728.99,274
17433,569.96,93
17434,2373.82,134
17435,331.35,15
17436,534.06,17
17437,369.68,52
17438,1422.77,71
17439,325.74,8
17440,323.58,6
17441,293.35,21
17442,4620.3,283
17443,534.24,1
17444,2940.04,135
17446,120.9,9
17447,541.53,36
17448,14523.67,1115
17449,4868.15,584
17450,244784.25,420
17451,1721.4,100
17453,486.71999999999997,19
17454,1547.94,126
17455,131.7,8
17456,975.5600000000001,60
17457,5984.8099999999995,64
17458,529.58,86
17459,657.3,111
17460,2157.9700000000003,137
17461,735.82,106
17462,675.69,27
17463,2535.26,316
17464,907.14,39
17465,2542.79,142
17466,763.28,41
17467,102.6,4
17468,194.8,8
17469,5051.25,267
17470,2626.47,155
17471,321.65000000000003,19
17472,922.35,223
17473,607.0,34
17474,1047.0,6
17475,194.37,14
17476,489.86,31
17477,1144.3,44
17478,1272.8,40
17479,389.26000000000005,18
17480,882.23,53
17481,1255.59,82
17482,775.64,53
17483,591.73,28
17484,209.57,14
17486,396.87,24
17487,160.55,8
17488,336.5,18
17489,376.64,29
17490,2750.5,116
17491,5653.67,177
17492,1122.42,39
17493,100.91000000000001,8
17494,54.699999999999996,3
17495,806.72,48
17496,1412.89,72
17497,287.25,7
17498,272.22,17
17499,1341.39,71
17500,1138.0,5
17501,288.6,18
17502,689.1,28
17503,558.96,38
17504,9490.17,342
17505,2435.48,102
17506,302.2,14
17507,605.58,88
17508,4579.23,231
17509,6083.64,364
17510,514.56,35
17511,172132.87,1868
17512,5467.820000000001,197
17513,1158.8,18
17514,522.0,83
17515,1602.51,179
17516,947.5,191
17517,153.94,11
17518,329.42,77
17519,4774.17,204
17520,546.81,30
17521,1278.06,78
17522,1070.71,73
17523,652.74,33
17524,539.14,43
17525,1161.9,26
17526,3939.24,92
17527,939.37,47
17528,3628.5,253
17529,1240.25,82
17530,2791.69,477
17531,1266.82,58
17532,65.34,4
17533,34.8,1
17534,1668.83,92
17535,164.4,13
17536,364.83,16
17537,887.67,74
17538,98.42,9
17539,1176.84,144
17540,1590.6000000000001,64
17541,119.86,31
17542,340.85,64
17543,120.05,13
17544,944.82,88
17545,1409.8600000000001,260
17547,727.85,31
17548,731.26,34
17549,148.86,6
17550,2506.64,321
17551,290.34,39
17552,2786.77,143
17553,3757.6,6
17554,1952.45,88
17555,1045.74,264
17556,300.67,14
17557,575.46,35
17558,259.17,28
17559,167.62,12
17560,1895.8,55
17561,703.02,191
17562,1122.38,63
17563,392.38,29
17564,454.01,49
17565,131.83,30
17566,869.77,142
17567,4838.08,196
17568,374.45,62
17569,344.14,29
17570,100.0,1
17571,1630.91,325
17572,652.21,32
17573,380.6,25
17574,185.65,8
17575,171.7,5
17576,8711.95,889
17577,348.75,21
17578,1047.33,65
17579,753.28,94
17580,541.02,94
17581,17951.17,811
17582,1446.95,122
17583,135.95,7
17584,5309.42,124
17585,2064.71,384
17586,167.4,8
17587,176.71,42
17588,2939.55,71
17589,13837.94,1302
17590,1468.02,196
17591,2339.32,176
17592,148.3,13
17593,8092.32,408
17594,2497.88,104
17595,386.69,82
17596,4491.46,486
17597,3484.09,128
17598,409.98,10
17599,52.05,3
17600,161.67000000000002,13
17601,413.08,72
17602,7354.43,909
17603,1788.38,106
17604,942.38,208
17605,160.75,13
17606,87.30000000000001,6
17607,333.81,22
17608,488.06,159
17609,1887.8999999999999,385
17610,1511.94,154
17611,8337.53,1112
17612,5394.86,340
17613,4544.55,306
17614,386.32,98
17615,721.8,56
17616,734.4,4
17617,385.19,18
17618,4001.64,357
17619,214.37,74
17620,81.44,4
17621,3175.12,66
17622,1130.21,38
17623,2365.77,194
17624,1568.63,97
17625,5978.9,683
17626,254.0,18
17627,296.36,10
17628,75.75,5
17629,2455.52,156
17630,503.59999999999997,26
17631,998.49,69
17633,2057.39,101
17634,2358.59,296
17635,1265.58,74
17636,285.56,20
17637,547.0600000000001,35
17638,842.4,3
17639,615.17,79
17640,3168.94,66
17642,1824.49,108
17643,439.7,31
17644,6028.6,327
17646,3898.79,196
17647,331.65999999999997,12
17648,2216.37,125
17649,1578.89,98
17650,166.08,8
17651,5703.52,332
17652,4867.72,259
17653,1207.56,44
17654,117.55,22
17655,2976.38,111
17656,1674.69,82
17657,126.0,7
17658,595.42,19
17659,3586.9900000000002,192
17660,342.22,82
17662,412.92,15
17663,5175.83,238
17664,1166.23,80
17665,563.1,19
17666,2047.8,44
17667,3950.7,230
17668,347.75,15
17669,6142.35,144
17670,205.7,11
17671,2009.16,75
17672,5778.63,206
17673,4173.88,507
17674,551.04,27
17675,37642.48,1116
17676,2448.64,148
17677,35058.46,685
17678,599.76,28
17679,3577.61,81
17680,497.45,20
17681,731.2,14
17682,4065.28,220
17683,819.01,46
17684,239.41,15
17685,5454.95,198
17686,8296.81,429
17687,432.68,26
17688,304.2,19
17689,317.08,22
17690,6963.8,360
17691,637.5500000000001,43
17692,2975.8,162
17693,200.47,16
17694,1695.97,81
17695,1746.04,61
17696,7679.59,365
17697,338.95,19
17698,154.95,8
17699,442.0,19
17700,6679.97,360
17701,417.95,24
17702,3144.04,153
17703,1094.84,78
17704,885.19,31
17705,2083.9,120
17706,20272.15,737
17707,609.3000000000001,24
17708,884.1800000000001,73
17709,671.01,40
17710,293.5,20
17711,385.1,23
17712,522.91,29
17713,1198.09,76
17714,1410.18,81
17715,489.59999999999997,2
17716,15956.97,601
17717,376.92,26
17718,439.18,23
17719,5396.04,274
17720,2666.91,132
17721,307.21000000000004,11
17722,3520.2200000000003,174
17723,3378.4000000000005,12
17724,1033.0,40
17725,3439.08,192
17726,1092.06,64
17727,1060.25,66
17728,4238.76,244
17729,438.65000000000003,23
17730,7773.8,314
17731,1708.99,99
17732,2166.42,122
17733,692.19,35
17734,1442.32,86
17735,16790.33,874
17736,377.44,25
17737,168.24,10
17738,4183.56,230
17739,7730.59,149
17740,426.9,9
17741,101.1,6
17742,2098.48,85
17743,229.2,3
17744,2649.14,151
17745,600.34,28
17746,904.1800000000001,36
17747,71.4,1
17748,358.15,17
17749,1026.18,57
17750,1710.45,184
17751,157.85999999999999,32
17752,80.64,1
17753,382.06,69
17754,4451.22,223
17756,728.75,84
17757,9074.05,1257
17758,4964.03,528
17759,1261.88,133
17760,746.39,67
17761,712.78,19
17762,129.75,17
17763,86.15,14
17764,1513.57,149
17765,524.0,81
17766,299.61,22
17767,413.05,39
17768,3292.73,182
17769,7053.38,583
17770,1143.27,38
17771,387.41,69
17772,360.75,96
17773,575.37,55
17774,3273.83,397
17775,56.4,3
17776,330.56,80
17777,647.56,190
17778,197.70000000000002,10
17779,650.32,81
17780,346.56,79
17781,188.02,12
17782,679.02,29
17783,376.96,91
17784,112.86,23
17785,403.38,51
17786,266.85,68
17787,1817.54,128
17788,1117.9,5
17789,397.15,29
17790,2779.41,302
17791,106.1,10
17792,368.35,52
17793,300.34,52
17794,147.3,7
17795,342.83,45
17796,1236.39,203
17797,1971.87,271
17798,178.07,45
17799,6246.93,904
17800,1187.21,103
17801,770.03,81
17802,4946.22,524
17803,184.66,27
17804,383.78000000000003,91
17805,927.03,11
17806,546.04,43
17807,437.87,89
17808,262.64,33
17809,10085.89,97
17810,373.16,55
17811,9519.8,1152
17812,911.99,189
17813,1698.07,348
17814,1609.37,143
17815,591.96,13
17816,96.11,45
17817,788.15,134
17818,124.78,42
17819,6021.05,89
17820,180.60999999999999,41
17821,334.62,6
17822,2162.93,169
17823,449.25,100
17824,298.4,13
17825,701.96,27
17826,133.34,33
17827,2376.17,281
17828,1820.09,67
17829,4756.74,171
17830,398.7,23
17831,35.400000000000006,2
17832,155.37,61
17833,338.46000000000004,31
17834,689.6700000000001,58
17835,342.24,59
17836,110.21000000000001,24
17837,1541.23,162
17838,5604.64,254
17839,318.15,52
17840,175.9,50
17841,68545.25,12435
17842,430.69,18
17843,320.4,62
17844,51.559999999999995,5
17845,596.09,47
17846,2033.1,1
17847,129.69,9
17848,3559.11,165
17849,1063.76,50
17850,51208.87,2499
17851,1552.35,232
17852,657.8100000000001,108
17853,1596.29,105
17854,1068.5,118
17855,208.97,17
17856,1418.03,15
17857,27347.04,56
17858,12518.65,373
17859,141.92000000000002,23
17860,717.39,162
17861,5088.29,558
17862,1254.89,99
17863,5360.48,255
17864,876.57,132
17865,26312.190000000002,1010
17866,1134.95,26
17867,1582.0500000000002,130
17868,227.15,18
17869,813.64,80
17870,2753.29,272
17871,1068.95,83
17872,235.87,15
17873,6265.33,168
17874,683.46,46
17875,167.1,26
17876,3424.02,4
17877,237.61,12
17878,1378.93,82
17879,178.51999999999998,6
17880,824.9200000000001,45
17881,133.35000000000002,8
17882,291.56,53
17883,988.42,173
17884,2698.47,406
17885,156.34,53
17886,1572.55,166
17887,111.35,10
17888,1807.44,160
17889,746.42,116
17890,586.89,91
17891,203.85999999999999,34
17892,244.1,28
17893,107.21,15
17894,2304.58,402
17895,95.45,15
17896,256.32,2
17897,2099.89,262
17898,299.18,50
17899,154.55,31
17900,112.19999999999999,6
17901,260.08,22
17902,216.39999999999998,24
17903,381.09000000000003,45
17904,181.07,34
17905,2178.87,146
17906,72.9,12
17907,291.76,13
17908,1142.47,208
17909,110.05,8
17910,261.7,26
17911,366.23,39
17912,374.55,51
17913,3429.29,466
17914,329.36,75
17915,225.78,29
17916,43.87,19
17917,335.03,92
17918,396.39,40
17919,1840.32,40
17920,23581.78,1640
17921,2394.36,360
17922,170.4,8
17923,497.0,3
17924,3257.7000000000003,33
17925,244.08,1
17926,1035.49,44
17927,294.0,10
17928,341.24,27
17929,3082.1,15
17930,4275.22,87
17931,3402.24,351
17932,1331.57,90
17933,114.69,14
17934,1049.15,41
17935,686.14,64
17936,380.13,72
17937,4301.22,43
17938,144.29,29
17939,99.14,12
17940,30306.79,35
17941,1433.28,7
17942,77.50000000000001,2
17944,74.99,25
17945,360.35,72
17946,149.57999999999998,20
17947,176.68,9
17948,358.56000000000006,1
17949,117314.08,156
17950,1166.29,165
17951,1340.5800000000002,28
17952,788.46,98
17953,159.17000000000002,20
17954,3804.38,743
17955,949.9,22
17956,12.75,1
17957,111.68,31
17958,973.88,36
17959,140.75,2
17960,135.08,37
17961,2866.74,630
17962,666.96,183
17963,643.16,109
17964,463.21,98
17965,7006.65,817
17966,1963.92,113
17967,223.42,61
17968,590.4399999999999,128
17969,2354.29,204
17970,562.79,29
17971,161.94,21
17972,135.19,30
17973,337.04,15
17974,1739.09,361
17975,6696.33,466
17976,321.79,57
17977,1511.45,104
17978,1159.99,67
17979,732.41,138
17980,1012.72,61
17981,239.12,17
17982,138.18,13
17983,171.71,24
17984,1152.19,242
17985,631.35,21
17986,20.8,1
17987,965.4399999999999,164
17988,489.54,123
17989,207.32999999999998,29
17990,1527.6100000000001,57
17991,300.3,38
17992,252.88,52
17993,225.99,60
17994,2270.0299999999997,306
17995,495.48,29
17996,482.33,67
17997,1962.46,164
17998,639.24,58
17999,528.46,134
18000,124.25,6
18001,924.14,132
18002,244.37,53
18003,353.51,23
18004,157.92,37
18005,226.47,53
18006,969.51,63
18007,215.22,50
18008,19759.079999999998,97
18009,2144.23,179
18010,174.8,14
18011,410.79,63
18012,115.3,13
18013,187.29,31
18014,162.22,30
18015,120.03,46
18016,1954.56,169
18017,688.0,4
18018,297.99,44
18019,38.45,5
18020,190.48000000000002,12
18021,216.41,32
18022,1507.25,425
18024,389.78,21
18025,1177.72,112
18026,2074.07,17
18027,115.31,21
18028,192.05,4
18029,433.77,18
18030,230.64999999999998,9
18031,451.3,63
18032,73.5,5
18033,93.82000000000001,33
18034,754.2,214
18035,1260.23,57
18036,1545.49,326
18037,167.42,33
18038,141.48,27
18039,548.22,158
18040,357.20000000000005,19
18041,8018.7699999999995,832
18042,281.15,16
18043,529.29,115
18044,3505.61,200
18045,178.34,43
18046,189.63,26
18047,326.09,83
18048,394.93,59
18049,500.92,87
18050,412.06,23
18051,2282.28,55
18052,10877.18,16
18053,571.07,32
18054,176.5,11
18055,10142.64,533
18056,554.6,30
18057,1188.46,134
18058,774.06,16
18059,306.46,18
18060,1185.46,75
18061,6083.81,122
18062,1632.67,54
18063,186.60000000000002,3
18064,4481.83,64
18065,5866.63,310
18066,1440.4,53
18067,396.33,37
18068,101.69999999999999,1
18069,4464.92,970
18070,314.1,9
18071,1169.68,71
18072,247.44,18
18073,3859.82,72
18074,1019.44,43
18075,5783.29,323
18076,151.49,8
18077,4078.79,353
18078,725.53,73
18079,4203.93,136
18080,1231.5,2
18081,343.45,17
18082,680.84,70
18083,463.53,40
18084,795.2299999999999,7
18085,1341.8500000000001,62
18086,101.34,7
18087,14761.519999999999,88
18088,166.03,37
18089,428.45,10
18090,321.9,54
18091,360.85,25
18092,14693.72,140
18093,4452.71,61
18094,6391.52,126
18095,2303.09,48
18096,1657.87,391
18097,4627.92,156
18098,527.94,86
18099,168.31,19
18100,451.56,30
18101,622.01,109
18102,580987.04,1040
18103,105.8,10
18104,754.64,38
18105,113.48000000000002,18
18106,1441.06,191
18107,165.88,38
18108,848.8100000000001,47
18109,9555.71,654
18110,392.28000000000003,72
18111,405.85,27
18112,773.36,62
18113,76.32000000000001,1
18114,220.1,28
18115,9.700000000000001,3
18116,2134.4900000000002,564
18117,315.65,72
18118,6221.02,1430
18119,180.7,29
18120,111.15,17
18121,653.3,31
18122,1793.06,357
18123,666.64,56
18124,102.65,20
18125,1131.75,192
18126,200.92000000000002,52
18127,556.13,67
18128,399.29,42
18129,112.55000000000001,14
18130,1059.39,70
18131,222.95999999999998,4
18132,220.13,62
18133,931.4999999999999,1
18134,445.0,28
18135,1249.6200000000001,37
18136,1631.3600000000001,88
18137,145.99,29
18138,152.65,8
18139,8438.34,159
18140,536.41,54
18141,882.47,42
18142,1019.52,15
18143,1000.16,61
18144,4892.95,84
18145,5609.74,402
18146,160.35000000000002,10
18147,179.33999999999997,7
18148,112.85000000000001,10
18149,1553.96,91
18150,566.58,37
18151,1879.44,106
18152,426.69,10
18153,246.22,17
18154,932.6,47
18155,371.62,25
18156,675.64,122
18157,213.9,25
18158,453.4,34
18159,530.15,23
18160,1003.88,65
18161,1803.1000000000001,93
18162,371.51,46
18163,728.84,33
18164,399.65000000000003,24
18165,302.46000000000004,10
18166,175.5,10
18167,1384.8600000000001,37
18168,3435.5,363
18169,202.65,9
18170,2878.0,126
18171,2437.31,92
18172,17467.24,475
18173,2696.36,45
18174,162.5,2
18175,176.1,7
18176,476.35,30
18177,2216.32,99
18178,6103.74,350
18179,2547.55,109
18180,1843.75,119
18181,1188.34,178
18182,291.13,10
18183,632.07,37
18184,49.8,1
18185,304.25,17
18186,329.58,11
18187,724.89,48
18188,3280.59,133
18189,1403.73,86
18190,745.62,42
18191,529.4,15
18192,957.97,45
18193,1207.35,70
18194,4162.04,28
18195,101.16,5
18196,1457.19,277
18197,230.1,9
18198,5425.56,159
18199,344.75,20
18200,150.35,30
18201,447.53000000000003,27
18202,1396.99,68
18203,492.52,59
18204,1975.35,192
18205,517.36,32
18206,314.65999999999997,19
18207,544.47,31
18208,360.08,17
18209,139.10000000000002,8
18210,2768.83,144
18211,600.07,42
18212,514.37,46
18213,232.48000000000002,15
18214,1780.34,58
18215,2232.4900000000002,89
18216,481.75,26
18217,945.04,40
18218,1121.84,38
18219,3352.7000000000003,190
18220,1921.76,25
18221,1424.94,84
18222,443.0,19
18223,14000.85,576
18224,158.95000000000002,10
18225,13014.8,572
18226,11878.88,528
18227,388.75,6
18228,779.9,30
18229,10150.51,201
18230,4291.06,140
18231,6854.17,383
18232,592.97,37
18233,440.0,1
18234,179.6,30
18235,1796.48,104
18236,1795.3500000000001,98
18237,987.1,61
18238,270.92,14
18239,1712.26,96
18240,422.58,6
18241,2986.9900000000002,159
18242,3605.21,140
18243,515.78,26
18244,568.64,19
18245,6324.9800000000005,458
18246,758.8199999999999,5
18247,839.73,37
18248,804.02,47
18249,95.34,8
18250,349.27,21
18251,26278.86,108
18252,1533.69,134
18253,317.88,7
18254,267.9,16
18255,303.15,19
18256,110.7,10
18257,4600.15,276
18258,2059.67,50
18259,3941.9,85
18260,9947.26,410
18261,324.24,21
18262,577.54,42
18263,1213.1599999999999,61
18264,603.25,36
18265,801.51,46
18266,251.1,14
18267,269.37,17
18268,1490.23,67
18269,168.6,7
18270,444.55,17
18271,680.85,21
18272,4385.9800000000005,226
18273,357.0,4
18274,175.92,11
18275,741.85,19
18276,1656.52,94
18277,1180.05,64
18278,414.20000000000005,24
18279,231.33999999999997,13
18280,488.15000000000003,30
18281,201.14,17
18282,178.05,12
18283,2664.9,938
18284,461.68,28
18285,427.0,12
18286,1296.43,67
18287,4182.99,155
